moderator,TODD,campaign,2
candidate,SANDERS,results,1
candidate,CLINTON,endorse,1
candidate,SANDERS,california,1
candidate,SANDERS,hat,1
candidate,CLINTON,naval,1
candidate,CLINTON,another,3
candidate,SANDERS,oh,1
moderator,TODD,aren't,2
candidate,CLINTON,systemic,2
candidate,SANDERS,resulted,1
candidate,CLINTON,changed,1
moderator,MADDOW,advancing,1
moderator,MADDOW,you'll,1
candidate,CLINTON,abilities,1
candidate,CLINTON,isn't,1
moderator,MADDOW,create,1
moderator,MADDOW,initiative,1
candidate,SANDERS,crises,1
moderator,TODD,realize,1
candidate,SANDERS,large,8
candidate,SANDERS,yeah,2
candidate,CLINTON,affect,1
candidate,SANDERS,fairness,1
candidate,SANDERS,sucked,1
moderator,MADDOW,goals,2
candidate,SANDERS,billions,3
candidate,SANDERS,get,11
candidate,SANDERS,overthrown,1
candidate,CLINTON,brady,1
moderator,TODD,doesn't,2
candidate,CLINTON,vote,10
candidate,SANDERS,sense,2
moderator,TODD,healthcare,3
candidate,SANDERS,muslim,4
candidate,SANDERS,back,4
candidate,SANDERS,dad,2
moderator,TODD,contributions,1
candidate,SANDERS,would,17
candidate,SANDERS,chaotic,1
moderator,MADDOW,distinctions,1
candidate,SANDERS,english,1
candidate,SANDERS,abdullah,1
moderator,MADDOW,v,3
candidate,SANDERS,recognize,1
candidate,SANDERS,group,1
candidate,CLINTON,achieved,1
candidate,CLINTON,age,1
candidate,SANDERS,teddy,1
moderator,TODD,us,2
candidate,SANDERS,almost,3
moderator,TODD,america's,1
candidate,CLINTON,onslaught,1
candidate,CLINTON,sponsor,1
candidate,SANDERS,felt,1
moderator,TODD,next,2
candidate,SANDERS,act,2
candidate,CLINTON,early,1
moderator,TODD,let,5
candidate,CLINTON,toward,1
candidate,CLINTON,raise,3
candidate,CLINTON,energy,4
candidate,SANDERS,course,9
moderator,MADDOW,win,2
candidate,SANDERS,east,1
moderator,MADDOW,enemies,1
moderator,TODD,college,1
candidate,SANDERS,democrats,7
moderator,MADDOW,implying,1
candidate,SANDERS,right,14
candidate,SANDERS,rubin,1
candidate,CLINTON,responsibility,1
moderator,MADDOW,means,1
candidate,CLINTON,long,1
candidate,SANDERS,dealing,1
candidate,CLINTON,ambitious,1
candidate,CLINTON,michigan,2
moderator,TODD,troops,6
moderator,TODD,force,1
candidate,SANDERS,house,9
candidate,CLINTON,ashraf,1
moderator,MADDOW,movement,2
candidate,CLINTON,veterans,4
moderator,MADDOW,party's,3
candidate,CLINTON,build,6
moderator,MADDOW,idea,1
candidate,CLINTON,looking,2
candidate,CLINTON,goals,2
candidate,CLINTON,mortgages,1
candidate,CLINTON,began,1
candidate,CLINTON,connections,1
candidate,CLINTON,position,1
candidate,CLINTON,deployed,2
candidate,CLINTON,outcome,2
candidate,SANDERS,break,4
candidate,SANDERS,taken,1
moderator,TODD,gonna,3
candidate,SANDERS,interest,1
moderator,MADDOW,believe,1
candidate,CLINTON,army,3
candidate,SANDERS,understand,3
candidate,CLINTON,list,1
candidate,CLINTON,health,7
candidate,CLINTON,reform,4
candidate,SANDERS,may,6
candidate,CLINTON,sexism,2
moderator,TODD,material,1
moderator,MADDOW,that's,4
moderator,TODD,services,1
candidate,CLINTON,goes,2
candidate,CLINTON,beginning,3
candidate,SANDERS,perhaps,1
candidate,CLINTON,companies,9
candidate,CLINTON,well,20
moderator,TODD,ahead,5
candidate,CLINTON,wellstone,1
candidate,CLINTON,much,13
moderator,MADDOW,show,2
candidate,SANDERS,snyder,1
moderator,TODD,proposals,1
candidate,CLINTON,biggest,3
candidate,SANDERS,process,12
candidate,CLINTON,seen,2
candidate,SANDERS,quite,3
candidate,CLINTON,hard,13
candidate,SANDERS,nomination,2
candidate,SANDERS,everything,1
candidate,CLINTON,banks,2
moderator,MADDOW,escalating,1
candidate,CLINTON,free,1
candidate,SANDERS,none,1
moderator,MADDOW,anguish,1
candidate,SANDERS,pacs,1
candidate,SANDERS,mine,1
candidate,CLINTON,iraqi,1
candidate,SANDERS,days,1
candidate,CLINTON,imagine,1
candidate,SANDERS,knows,5
candidate,SANDERS,accomplish,1
candidate,SANDERS,bigger,2
moderator,TODD,shows,1
moderator,TODD,cloud,1
candidate,SANDERS,described,1
candidate,CLINTON,big,9
candidate,CLINTON,nature,1
moderator,MADDOW,clinton,19
candidate,SANDERS,blow,1
candidate,CLINTON,deserve,1
moderator,MADDOW,hope,1
moderator,MADDOW,agencies,1
candidate,CLINTON,push,3
candidate,SANDERS,changes,2
candidate,CLINTON,moment,1
candidate,CLINTON,firms,1
candidate,SANDERS,foreign,4
candidate,CLINTON,wreck,1
moderator,TODD,monitor,1
candidate,CLINTON,donald,1
moderator,MADDOW,arguably,1
candidate,SANDERS,works,3
candidate,CLINTON,province,1
candidate,CLINTON,particularly,5
candidate,SANDERS,hear,1
candidate,SANDERS,fight,1
candidate,SANDERS,agree,7
candidate,CLINTON,talked,5
moderator,MADDOW,happen,1
candidate,CLINTON,counsel,1
candidate,SANDERS,closely,1
candidate,SANDERS,ordinary,1
candidate,SANDERS,billionaire,2
moderator,MADDOW,requires,1
candidate,CLINTON,governments,1
moderator,TODD,seen,1
moderator,TODD,deals,1
candidate,SANDERS,still,1
candidate,SANDERS,ellison,1
candidate,SANDERS,know,25
moderator,TODD,sachs,2
moderator,MADDOW,case,1
candidate,CLINTON,that's,23
candidate,SANDERS,moving,2
moderator,MADDOW,sigh,1
moderator,TODD,gun,1
candidate,SANDERS,kids,4
candidate,CLINTON,enabling,1
candidate,CLINTON,completely,1
candidate,CLINTON,tribes,1
candidate,CLINTON,base,2
candidate,SANDERS,start,2
candidate,SANDERS,veteran,2
moderator,MADDOW,staffers,1
candidate,CLINTON,solve,2
candidate,SANDERS,representing,1
candidate,SANDERS,trade,9
candidate,CLINTON,middle,3
candidate,SANDERS,great,5
moderator,TODD,abolishing,1
candidate,CLINTON,ahead,3
candidate,SANDERS,million,8
candidate,SANDERS,retreat,1
candidate,CLINTON,never,4
candidate,SANDERS,shutting,2
candidate,CLINTON,rove,2
moderator,MADDOW,military,1
candidate,CLINTON,relations,1
candidate,CLINTON,state,8
candidate,CLINTON,next,1
candidate,SANDERS,justice,2
candidate,CLINTON,basic,1
moderator,TODD,didn't,2
moderator,MADDOW,reluctantly,1
candidate,CLINTON,necessary,1
candidate,SANDERS,rachel,6
candidate,SANDERS,love,5
moderator,MADDOW,strategy,1
candidate,CLINTON,ted,1
candidate,CLINTON,mortgage,1
moderator,TODD,decisions,1
candidate,SANDERS,outrageous,1
candidate,CLINTON,longer,2
moderator,MADDOW,border,1
candidate,CLINTON,reject,1
moderator,TODD,cannot,1
candidate,CLINTON,give,2
moderator,MADDOW,first,1
candidate,CLINTON,correct,2
candidate,SANDERS,toss,1
candidate,SANDERS,something,3
moderator,TODD,united,1
candidate,SANDERS,best,3
candidate,SANDERS,living,1
candidate,SANDERS,supportive,1
candidate,CLINTON,child,1
candidate,CLINTON,recall,1
moderator,MADDOW,white,1
moderator,MADDOW,states,2
moderator,MADDOW,secretary,19
candidate,SANDERS,differently,1
candidate,SANDERS,help,2
moderator,MADDOW,concerns,1
candidate,SANDERS,deny,1
candidate,CLINTON,whether,4
candidate,CLINTON,seizing,1
candidate,SANDERS,trillion,2
moderator,TODD,set,2
moderator,MADDOW,speeches,1
moderator,TODD,obviously,2
moderator,MADDOW,policy,1
candidate,SANDERS,destroys,1
moderator,MADDOW,big,7
candidate,CLINTON,drugs,1
moderator,TODD,abuses,1
candidate,SANDERS,cards,2
candidate,CLINTON,program,3
candidate,CLINTON,progressives,1
candidate,CLINTON,voters,2
candidate,SANDERS,merge,1
candidate,SANDERS,desires,1
candidate,CLINTON,oil,1
moderator,TODD,back,6
candidate,CLINTON,editorial,1
moderator,TODD,well,6
candidate,CLINTON,stay,1
moderator,TODD,cited,1
moderator,MADDOW,go,2
moderator,TODD,matter,1
moderator,TODD,china,2
candidate,SANDERS,atomic,1
candidate,SANDERS,perpetual,2
candidate,CLINTON,beggars,1
moderator,MADDOW,close,1
moderator,TODD,security,4
candidate,CLINTON,terrible,1
candidate,CLINTON,conducting,1
candidate,SANDERS,years,14
candidate,SANDERS,provide,2
moderator,TODD,second,1
moderator,TODD,like,6
candidate,CLINTON,answered,2
candidate,CLINTON,tomorrow,1
candidate,SANDERS,allows,1
candidate,CLINTON,appreciate,2
candidate,SANDERS,dav,1
candidate,SANDERS,progressive,3
moderator,TODD,complete,1
candidate,SANDERS,koch,4
candidate,CLINTON,without,2
candidate,CLINTON,differ,1
candidate,CLINTON,percent,6
candidate,CLINTON,children,2
candidate,CLINTON,concluded,1
candidate,SANDERS,trump,1
candidate,CLINTON,friends,1
candidate,SANDERS,lot,9
candidate,CLINTON,rights,1
candidate,SANDERS,mitch,3
candidate,CLINTON,emails,1
candidate,CLINTON,though,1
candidate,SANDERS,reasons,3
candidate,CLINTON,msnbc,1
moderator,MADDOW,break,2
candidate,SANDERS,arguing,1
candidate,CLINTON,day,6
candidate,CLINTON,expected,1
candidate,SANDERS,tuition,2
candidate,CLINTON,asked,1
candidate,SANDERS,ended,1
candidate,SANDERS,making,5
moderator,TODD,topics,1
candidate,CLINTON,century,2
candidate,SANDERS,shadows,1
candidate,CLINTON,maybe,1
moderator,MADDOW,strategic,1
candidate,CLINTON,reach,1
candidate,SANDERS,industry,2
moderator,TODD,union,1
candidate,CLINTON,unpredictable,1
candidate,CLINTON,timothy,1
candidate,SANDERS,old,1
candidate,CLINTON,small,4
moderator,MADDOW,we're,10
candidate,CLINTON,difficult,1
moderator,MADDOW,moment,1
candidate,SANDERS,mayors,1
candidate,SANDERS,exxonmobil,1
candidate,CLINTON,others,3
candidate,CLINTON,businesses,4
candidate,CLINTON,economy,12
moderator,TODD,rebuttals,1
candidate,SANDERS,commented,1
candidate,SANDERS,silly,1
candidate,CLINTON,kept,1
candidate,CLINTON,current,2
candidate,CLINTON,personnel,1
moderator,MADDOW,view,1
candidate,CLINTON,v,3
candidate,CLINTON,turned,1
candidate,CLINTON,states,4
candidate,SANDERS,fantastic,1
candidate,CLINTON,watch,1
candidate,SANDERS,nothing,2
candidate,SANDERS,glass-steagall,2
moderator,MADDOW,candidacy,1
candidate,SANDERS,candidate,3
candidate,SANDERS,work,11
moderator,TODD,investigation,2
moderator,TODD,things,4
moderator,TODD,close,1
moderator,TODD,thirty,1
moderator,TODD,death,1
candidate,CLINTON,classifying,1
candidate,SANDERS,like,9
candidate,SANDERS,workforce,1
candidate,SANDERS,understood,2
candidate,CLINTON,helping,2
candidate,SANDERS,chaired,1
candidate,SANDERS,multinational,1
candidate,SANDERS,seeing,1
candidate,SANDERS,make,9
candidate,SANDERS,banks,3
moderator,MADDOW,related,1
candidate,SANDERS,gdp,1
candidate,CLINTON,yeah,2
moderator,MADDOW,essentially,2
candidate,CLINTON,service,2
moderator,MADDOW,home,5
moderator,TODD,right,20
candidate,SANDERS,idea,7
moderator,MADDOW,election,5
moderator,TODD,platform,1
moderator,MADDOW,record,1
moderator,TODD,example,1
moderator,TODD,declared,1
candidate,CLINTON,kurds,1
moderator,TODD,you'll,1
candidate,SANDERS,wages,2
moderator,TODD,comment,1
candidate,SANDERS,tomorrow,4
candidate,CLINTON,governor,2
candidate,CLINTON,lots,1
candidate,SANDERS,worried,1
candidate,CLINTON,abuses,1
candidate,SANDERS,ahead,1
candidate,CLINTON,doubt,1
candidate,SANDERS,bringing,1
candidate,SANDERS,deliver,1
candidate,SANDERS,russia,2
moderator,MADDOW,one-on-one,1
moderator,TODD,editorial,1
candidate,CLINTON,claiming,1
moderator,MADDOW,night,1
candidate,CLINTON,democratic,2
moderator,MADDOW,wait,1
candidate,SANDERS,guarantee,2
moderator,TODD,done,3
candidate,SANDERS,today,12
candidate,SANDERS,violence,1
candidate,SANDERS,made,3
moderator,TODD,came,1
candidate,SANDERS,together,4
candidate,CLINTON,krugman,1
moderator,TODD,moines,1
moderator,MADDOW,however,1
moderator,MADDOW,destroyed,1
candidate,SANDERS,benefits,1
candidate,SANDERS,king,1
candidate,SANDERS,voter,7
moderator,TODD,putting,1
candidate,SANDERS,depression,1
candidate,SANDERS,appropriately,1
candidate,CLINTON,putin,1
candidate,CLINTON,wing,1
candidate,CLINTON,pieces,2
moderator,TODD,statements,1
candidate,CLINTON,positive,1
moderator,MADDOW,endorsements,1
candidate,CLINTON,sellers,1
candidate,CLINTON,open,1
candidate,CLINTON,asking,2
candidate,CLINTON,trump's,1
candidate,SANDERS,highest,3
candidate,CLINTON,speaking,4
candidate,CLINTON,rig,1
candidate,CLINTON,territory,4
candidate,SANDERS,class,9
candidate,CLINTON,iranians,1
candidate,SANDERS,votes,2
candidate,CLINTON,income,2
candidate,SANDERS,suspect,2
moderator,TODD,perhaps,2
candidate,CLINTON,decisions,1
candidate,SANDERS,percent,4
candidate,SANDERS,don't,18
candidate,CLINTON,compensation,1
candidate,CLINTON,hedge,4
candidate,CLINTON,approach,1
candidate,CLINTON,electability,1
moderator,TODD,debacle,1
candidate,SANDERS,lean,1
candidate,CLINTON,resolved,1
moderator,MADDOW,voted,1
candidate,CLINTON,resolve,1
candidate,SANDERS,minorities,1
moderator,MADDOW,punishment,2
candidate,SANDERS,excellent,2
candidate,SANDERS,across,1
moderator,MADDOW,touched,1
moderator,TODD,it's,7
candidate,CLINTON,educational,1
candidate,CLINTON,jumped,1
candidate,SANDERS,dollars,5
candidate,CLINTON,donation,1
candidate,SANDERS,boeing,2
candidate,SANDERS,go,7
candidate,CLINTON,agreement,9
candidate,CLINTON,market,1
candidate,CLINTON,failed,1
candidate,SANDERS,georgetown,1
candidate,CLINTON,work,24
candidate,SANDERS,clear,3
candidate,SANDERS,one's,1
candidate,SANDERS,huge,4
candidate,CLINTON,advising,1
candidate,CLINTON,derivatives,2
candidate,SANDERS,came,4
moderator,MADDOW,right,11
candidate,SANDERS,website,1
candidate,CLINTON,citizenship,1
candidate,SANDERS,north,3
candidate,SANDERS,medicaid,1
candidate,SANDERS,economically,1
moderator,MADDOW,nominees,1
candidate,SANDERS,edge,1
moderator,MADDOW,speaking,3
moderator,MADDOW,years,3
moderator,MADDOW,makes,1
candidate,CLINTON,drug,3
candidate,SANDERS,effort,1
candidate,CLINTON,henry,1
candidate,CLINTON,airstrikes,1
moderator,TODD,used,1
candidate,SANDERS,talk,18
moderator,MADDOW,impersonating,1
moderator,MADDOW,way,4
candidate,CLINTON,continue,6
candidate,SANDERS,iraqi,1
candidate,CLINTON,anything,1
moderator,MADDOW,crime,1
candidate,CLINTON,retroactive,1
candidate,SANDERS,known,1
moderator,TODD,start,1
candidate,SANDERS,honor,1
candidate,SANDERS,others,1
candidate,CLINTON,many,14
candidate,CLINTON,sufficient,1
candidate,CLINTON,west,1
moderator,MADDOW,committee,1
candidate,CLINTON,physically,1
candidate,SANDERS,wall,14
moderator,MADDOW,almost,1
moderator,MADDOW,amount,1
moderator,MADDOW,approached,1
candidate,CLINTON,line,1
moderator,TODD,expense,1
candidate,SANDERS,late,1
candidate,CLINTON,crash,1
candidate,SANDERS,nine,1
candidate,CLINTON,conditions,3
candidate,CLINTON,attack,2
candidate,CLINTON,happening,3
candidate,SANDERS,equipment,1
moderator,MADDOW,though,1
moderator,TODD,see,7
moderator,MADDOW,relations,2
candidate,SANDERS,terrible,2
moderator,TODD,believe,2
moderator,MADDOW,businesses,1
moderator,MADDOW,capital,2
candidate,CLINTON,arabia,1
candidate,CLINTON,european,2
candidate,SANDERS,stop,2
candidate,CLINTON,department,1
candidate,CLINTON,weren't,1
candidate,SANDERS,rebuild,1
moderator,MADDOW,specific,2
moderator,MADDOW,world,2
moderator,TODD,unless,1
candidate,CLINTON,fought,4
candidate,CLINTON,help,4
candidate,CLINTON,leaders,1
candidate,SANDERS,overturn,2
moderator,TODD,primary,1
candidate,CLINTON,society,1
candidate,CLINTON,colleague,1
candidate,CLINTON,attacks,2
moderator,MADDOW,maybe,1
moderator,MADDOW,tonight,4
candidate,SANDERS,democrat,4
candidate,CLINTON,course,7
moderator,TODD,plan,1
moderator,MADDOW,worked,2
candidate,CLINTON,countries,2
candidate,SANDERS,hit,1
candidate,SANDERS,taking,1
candidate,SANDERS,warren,1
moderator,TODD,based,1
candidate,SANDERS,evaluation,1
moderator,MADDOW,problem,1
candidate,SANDERS,elizabeth,1
candidate,SANDERS,low,1
candidate,CLINTON,intend,1
candidate,SANDERS,effectively,1
candidate,CLINTON,worthy,1
candidate,SANDERS,dramatic,1
moderator,TODD,general,2
candidate,CLINTON,interested,2
candidate,SANDERS,regain,1
candidate,CLINTON,democrats,5
candidate,CLINTON,leading,1
moderator,MADDOW,john,1
candidate,CLINTON,coalitions,1
moderator,MADDOW,suggested,1
candidate,SANDERS,can't,7
candidate,SANDERS,state,4
candidate,CLINTON,years,5
moderator,TODD,nearly,1
candidate,CLINTON,weapons,3
candidate,SANDERS,ukraine,1
moderator,MADDOW,contour,1
candidate,CLINTON,ballistic,1
candidate,SANDERS,chair,1
candidate,CLINTON,begin,6
candidate,SANDERS,city,1
candidate,SANDERS,sanders,1
candidate,CLINTON,political,4
moderator,TODD,participating,2
candidate,CLINTON,times,3
moderator,TODD,mate,1
candidate,CLINTON,something,5
candidate,CLINTON,hampshire,3
candidate,CLINTON,discrimination,2
moderator,TODD,simple,1
candidate,CLINTON,top,2
moderator,TODD,ask,1
candidate,CLINTON,reforms,1
candidate,SANDERS,created,2
candidate,SANDERS,washington,1
candidate,CLINTON,doma,1
candidate,CLINTON,happy,1
candidate,CLINTON,understanding,1
candidate,CLINTON,based,1
moderator,MADDOW,chances,1
moderator,TODD,wants,1
moderator,TODD,progressive,2
candidate,SANDERS,september,1
candidate,CLINTON,concerning,1
candidate,CLINTON,economist,1
candidate,CLINTON,understands,1
candidate,CLINTON,struggle,1
candidate,SANDERS,situation,3
candidate,CLINTON,heavy,1
candidate,CLINTON,distinguish,1
candidate,CLINTON,you're,4
candidate,CLINTON,yes,6
candidate,SANDERS,profit,2
moderator,TODD,happened,1
moderator,MADDOW,newly,1
candidate,SANDERS,modern,3
candidate,SANDERS,discussion,2
candidate,CLINTON,every,6
candidate,CLINTON,community,3
moderator,TODD,state,1
moderator,MADDOW,standard,1
candidate,CLINTON,diplomacy,2
candidate,CLINTON,good,3
moderator,TODD,topic,2
moderator,MADDOW,area,1
moderator,MADDOW,keystone,1
moderator,MADDOW,pins,1
moderator,TODD,tell,2
candidate,SANDERS,charged,1
moderator,TODD,lifts,2
candidate,CLINTON,grow,1
candidate,SANDERS,high,1
candidate,CLINTON,game,3
moderator,MADDOW,opportunities,1
candidate,SANDERS,bomb,1
moderator,TODD,wayside,1
candidate,CLINTON,wonder,1
moderator,MADDOW,rather,1
candidate,SANDERS,coin,2
moderator,TODD,bit,2
candidate,CLINTON,principal,1
candidate,CLINTON,agree,3
moderator,TODD,he's,2
candidate,SANDERS,islands,2
candidate,CLINTON,lid,1
candidate,CLINTON,impose,1
moderator,TODD,opposed,1
moderator,TODD,could,3
candidate,CLINTON,way,14
moderator,MADDOW,wearing,1
candidate,SANDERS,guess,1
moderator,TODD,use,1
candidate,SANDERS,millions,10
candidate,CLINTON,smear,1
candidate,CLINTON,recent,1
candidate,CLINTON,thorough,1
candidate,SANDERS,isolated,4
candidate,SANDERS,create,4
candidate,CLINTON,brothers,2
candidate,CLINTON,giving,1
candidate,SANDERS,strategy,1
candidate,CLINTON,absurd,1
candidate,SANDERS,use,1
candidate,CLINTON,working,4
candidate,CLINTON,organizations,1
candidate,SANDERS,free,3
candidate,SANDERS,earth,4
candidate,CLINTON,solar,1
moderator,TODD,want,7
candidate,SANDERS,roughly,2
candidate,SANDERS,election,1
candidate,CLINTON,increase,1
candidate,SANDERS,infrastructure,3
candidate,SANDERS,grade,1
candidate,CLINTON,withering,1
candidate,CLINTON,vengeance,1
candidate,SANDERS,energy,1
candidate,CLINTON,done,12
moderator,MADDOW,privatized,1
candidate,SANDERS,settlements,1
candidate,SANDERS,criminal,3
candidate,CLINTON,trial,1
candidate,CLINTON,children's,2
candidate,CLINTON,picking,1
candidate,SANDERS,speak,1
moderator,TODD,sanders,18
candidate,SANDERS,obama,5
moderator,MADDOW,ground,1
candidate,CLINTON,exemplified,1
candidate,SANDERS,belief,2
candidate,SANDERS,reclaim,1
candidate,SANDERS,they're,6
candidate,SANDERS,pntr,1
moderator,MADDOW,you've,2
candidate,CLINTON,inherited,1
candidate,CLINTON,concerns,3
candidate,CLINTON,aide,1
candidate,CLINTON,he's,3
candidate,SANDERS,listening,1
candidate,CLINTON,raised,1
moderator,MADDOW,seconds,2
candidate,SANDERS,learn,1
moderator,TODD,i'm,2
candidate,CLINTON,duplicative,1
moderator,TODD,hour,2
candidate,CLINTON,thank,1
candidate,CLINTON,battle,1
candidate,SANDERS,throwing,1
candidate,SANDERS,helped,4
moderator,TODD,darn,2
moderator,TODD,know,7
candidate,CLINTON,either,2
candidate,CLINTON,carter,3
candidate,CLINTON,asia,1
candidate,CLINTON,protection,1
candidate,CLINTON,fix,3
candidate,SANDERS,super,4
candidate,SANDERS,polls,3
candidate,CLINTON,saved,1
candidate,CLINTON,crimes,2
candidate,SANDERS,alive,1
candidate,CLINTON,online,1
candidate,SANDERS,arguments,1
candidate,CLINTON,seeing,2
moderator,MADDOW,established,1
candidate,CLINTON,prevent,1
candidate,SANDERS,least,3
moderator,TODD,tonight,3
candidate,SANDERS,rapid,1
moderator,TODD,politics,3
candidate,SANDERS,bailed,2
candidate,SANDERS,happen,8
candidate,CLINTON,tried,2
moderator,MADDOW,officer,1
candidate,CLINTON,congress,3
candidate,SANDERS,poor,1
candidate,CLINTON,howard,1
candidate,CLINTON,plans,2
candidate,SANDERS,towards,1
moderator,MADDOW,question,2
candidate,CLINTON,major,1
candidate,CLINTON,accountable,1
candidate,SANDERS,governors,2
candidate,SANDERS,syria,1
candidate,CLINTON,last,1
candidate,SANDERS,yet,1
candidate,SANDERS,america,23
candidate,CLINTON,consequences,1
moderator,TODD,fair,1
candidate,CLINTON,daycare,1
candidate,CLINTON,paid,2
candidate,SANDERS,adventurism,1
candidate,CLINTON,grassroots,1
candidate,CLINTON,really,11
candidate,SANDERS,fine,2
candidate,SANDERS,sure,3
candidate,CLINTON,uaw,1
candidate,SANDERS,retook,1
candidate,CLINTON,whoever,2
candidate,SANDERS,amounts,3
candidate,SANDERS,party,4
moderator,TODD,questioner,1
candidate,SANDERS,it's,11
candidate,SANDERS,healthcare,1
candidate,SANDERS,profits,1
moderator,MADDOW,ever-increasing,1
moderator,MADDOW,living,1
candidate,SANDERS,resignations,1
candidate,SANDERS,predict,1
candidate,CLINTON,woman,3
moderator,TODD,welcome,3
candidate,CLINTON,they've,5
moderator,MADDOW,highly,1
candidate,SANDERS,workers,3
candidate,CLINTON,flattered,1
candidate,CLINTON,running,3
candidate,CLINTON,makes,1
moderator,MADDOW,sanders,21
moderator,MADDOW,elected,1
moderator,TODD,emails,3
candidate,CLINTON,coalition,3
candidate,CLINTON,fit,1
candidate,SANDERS,loss,1
moderator,MADDOW,something,1
candidate,CLINTON,expressed,1
moderator,MADDOW,piece,1
candidate,SANDERS,done,8
candidate,CLINTON,aggression,1
moderator,MADDOW,five,1
candidate,SANDERS,reach,1
moderator,TODD,reporters,2
candidate,SANDERS,clinton,9
candidate,SANDERS,enormously,1
candidate,SANDERS,majority,1
moderator,MADDOW,difference,1
moderator,TODD,threat,3
candidate,SANDERS,guilty,1
candidate,SANDERS,response,2
candidate,CLINTON,guaranteed,1
candidate,CLINTON,they're,3
candidate,CLINTON,succeeding,1
candidate,SANDERS,force,2
candidate,CLINTON,door,2
moderator,TODD,polling,1
candidate,CLINTON,quite,1
moderator,TODD,president,19
candidate,CLINTON,bit,1
candidate,SANDERS,incredible,1
candidate,SANDERS,needed,2
candidate,CLINTON,improve,1
moderator,TODD,made,2
candidate,SANDERS,african-american,2
candidate,SANDERS,register,2
candidate,CLINTON,hamas,1
moderator,MADDOW,ad,1
candidate,CLINTON,terrorist,1
candidate,CLINTON,achieving,1
candidate,SANDERS,revolution,3
moderator,TODD,commander,1
candidate,CLINTON,national,3
candidate,CLINTON,forms,1
candidate,CLINTON,kinds,2
moderator,TODD,hanging,1
candidate,CLINTON,message,1
candidate,SANDERS,wanted,1
candidate,SANDERS,without,1
candidate,SANDERS,compete,1
moderator,TODD,may,1
candidate,CLINTON,office,3
candidate,CLINTON,glass-steagall,1
candidate,SANDERS,vermont,1
candidate,CLINTON,obamacare,1
candidate,SANDERS,gonna,2
moderator,MADDOW,ok,1
moderator,TODD,three,4
moderator,MADDOW,apologized,1
moderator,MADDOW,third-party,2
moderator,MADDOW,heading,1
candidate,SANDERS,couple,1
candidate,SANDERS,contributions,4
candidate,CLINTON,record,9
candidate,SANDERS,mortgages,1
candidate,CLINTON,embellishments,1
candidate,CLINTON,taxes,3
candidate,CLINTON,biden,1
moderator,TODD,thank,14
candidate,CLINTON,development,3
moderator,MADDOW,point,2
moderator,MADDOW,fact,1
candidate,CLINTON,proof,1
candidate,CLINTON,elsewhere,1
moderator,TODD,chief,2
candidate,CLINTON,wages,2
candidate,SANDERS,jobs,7
candidate,SANDERS,executives,1
moderator,MADDOW,positions,1
moderator,MADDOW,done,2
candidate,SANDERS,fighting,2
candidate,CLINTON,affairs,1
candidate,CLINTON,reason,1
candidate,CLINTON,specialized,1
moderator,MADDOW,implied,1
candidate,SANDERS,lost,4
candidate,CLINTON,tuesday,4
candidate,CLINTON,thrilled,1
candidate,SANDERS,seems,1
candidate,CLINTON,commander,2
moderator,MADDOW,care,2
moderator,TODD,put,1
moderator,TODD,rank,1
candidate,CLINTON,investment,1
moderator,TODD,elected,2
candidate,CLINTON,taliban,1
candidate,SANDERS,attention,1
candidate,SANDERS,endorsements,1
candidate,CLINTON,difference,3
candidate,CLINTON,scars,1
moderator,TODD,biggest,1
candidate,SANDERS,radical,2
moderator,TODD,democratic,6
candidate,SANDERS,provided,1
candidate,SANDERS,financing,1
candidate,SANDERS,move,2
candidate,CLINTON,received,3
moderator,MADDOW,operatives,1
moderator,MADDOW,among,1
candidate,SANDERS,police,1
candidate,SANDERS,come,3
moderator,TODD,break,1
candidate,SANDERS,evidence,1
candidate,SANDERS,judge,1
candidate,CLINTON,didn't,3
candidate,CLINTON,like,6
candidate,CLINTON,family,2
moderator,TODD,congress,2
candidate,SANDERS,turnout,5
candidate,SANDERS,terms,9
candidate,CLINTON,true,2
candidate,CLINTON,bar,1
candidate,CLINTON,characterize,1
moderator,TODD,secretary,22
candidate,CLINTON,evidentiary,1
candidate,CLINTON,flint,3
candidate,CLINTON,voted,4
moderator,MADDOW,nominated,4
candidate,SANDERS,improving,1
candidate,SANDERS,month,1
candidate,CLINTON,affordable,4
candidate,CLINTON,multinational,1
candidate,CLINTON,common,1
candidate,CLINTON,action,4
candidate,SANDERS,bit,2
candidate,CLINTON,constant,2
moderator,MADDOW,state,7
candidate,SANDERS,senator,1
moderator,TODD,lot,5
candidate,CLINTON,proposing,2
candidate,SANDERS,part,4
candidate,SANDERS,half,1
candidate,CLINTON,think,46
moderator,TODD,agreements,1
candidate,SANDERS,called,1
moderator,MADDOW,good,1
moderator,TODD,orient,1
candidate,CLINTON,point,1
candidate,CLINTON,even,2
moderator,TODD,trying,2
candidate,CLINTON,childhood,1
candidate,CLINTON,life,3
candidate,CLINTON,bush,1
candidate,SANDERS,drugs,2
moderator,TODD,instance,1
candidate,SANDERS,concede,1
candidate,SANDERS,youtube,1
moderator,TODD,place,4
moderator,MADDOW,career,1
candidate,SANDERS,paying,2
moderator,MADDOW,syria,1
candidate,SANDERS,moines,2
candidate,SANDERS,politics,3
moderator,TODD,something,1
candidate,CLINTON,influence,1
candidate,CLINTON,billionaires,2
candidate,CLINTON,powerful,2
candidate,SANDERS,flint,1
candidate,SANDERS,wish,1
candidate,SANDERS,interesting,1
candidate,CLINTON,someone,1
moderator,TODD,many,2
moderator,MADDOW,nerve,1
moderator,TODD,day,1
candidate,SANDERS,could,3
moderator,MADDOW,u,2
candidate,CLINTON,live,3
candidate,CLINTON,creating,1
candidate,SANDERS,loudly,1
moderator,TODD,release,3
candidate,SANDERS,head,1
candidate,CLINTON,progressive,14
moderator,MADDOW,advantage,1
candidate,CLINTON,inviting,1
candidate,CLINTON,korea,2
candidate,CLINTON,bill,2
moderator,TODD,issues,1
candidate,SANDERS,statement,1
candidate,SANDERS,vets,1
moderator,MADDOW,mainstream,1
candidate,SANDERS,iowa,3
candidate,CLINTON,contributed,2
moderator,TODD,moderate,1
candidate,CLINTON,money,2
candidate,CLINTON,capital,1
candidate,CLINTON,wage,1
moderator,MADDOW,us,6
candidate,SANDERS,need,11
candidate,SANDERS,leader,1
candidate,CLINTON,hall,1
candidate,CLINTON,organization,1
moderator,MADDOW,whether,2
candidate,SANDERS,roosevelt,1
candidate,CLINTON,taken,1
candidate,SANDERS,mention,2
moderator,MADDOW,candidate,2
candidate,SANDERS,protect,1
candidate,CLINTON,fits,1
candidate,CLINTON,i've,14
moderator,MADDOW,numbers,2
candidate,SANDERS,defense,1
moderator,MADDOW,he's,1
moderator,TODD,audit,3
candidate,SANDERS,function,1
candidate,SANDERS,question,1
candidate,SANDERS,wealth,2
candidate,CLINTON,votes,2
candidate,CLINTON,treat,1
candidate,CLINTON,oklahoma,1
candidate,SANDERS,precinct,1
candidate,SANDERS,program,1
candidate,SANDERS,harder,1
candidate,SANDERS,biggest,1
moderator,TODD,financing,3
moderator,MADDOW,stay,1
moderator,MADDOW,country,2
candidate,SANDERS,maybe,4
moderator,MADDOW,boeing,1
candidate,CLINTON,primary,4
candidate,SANDERS,didn't,5
candidate,CLINTON,combat,2
candidate,SANDERS,comprehension,1
moderator,MADDOW,liberal,1
candidate,SANDERS,business,1
candidate,SANDERS,credit,2
candidate,SANDERS,listen,1
candidate,CLINTON,act,3
candidate,SANDERS,organizations,2
candidate,CLINTON,legislation,1
moderator,TODD,known,1
candidate,CLINTON,mistake,1
candidate,SANDERS,ad,1
moderator,TODD,ash,2
candidate,SANDERS,oklahoma,1
moderator,MADDOW,exposed,1
candidate,SANDERS,regulator,1
candidate,CLINTON,specific,1
candidate,CLINTON,level,2
candidate,SANDERS,here's,3
candidate,CLINTON,originally,1
candidate,CLINTON,rice's,1
candidate,CLINTON,journalists,1
candidate,SANDERS,campaign,17
moderator,TODD,slapped,1
candidate,SANDERS,forgot,1
candidate,SANDERS,multi-billion,1
candidate,CLINTON,allies,2
candidate,SANDERS,drug,2
moderator,MADDOW,either,1
candidate,CLINTON,barring,1
candidate,CLINTON,views,2
candidate,CLINTON,separate,1
candidate,CLINTON,afford,1
candidate,SANDERS,pharmaceutical,1
candidate,CLINTON,fixed,1
candidate,SANDERS,anything,4
candidate,CLINTON,israel,2
candidate,CLINTON,whatever,3
candidate,CLINTON,coverage,6
candidate,CLINTON,rest,2
moderator,MADDOW,campaigns,1
candidate,SANDERS,son,1
candidate,CLINTON,currently,1
candidate,SANDERS,top,2
candidate,SANDERS,mcconnell,1
candidate,SANDERS,relationship,1
candidate,CLINTON,industry,1
candidate,SANDERS,throughout,1
moderator,TODD,talked,1
candidate,CLINTON,shadows,1
candidate,SANDERS,forgotten,1
moderator,TODD,you're,7
candidate,CLINTON,enforced,1
moderator,TODD,essentially,3
candidate,SANDERS,alternative,2
candidate,SANDERS,refrained,1
candidate,SANDERS,strengthen,1
moderator,MADDOW,subject,1
candidate,CLINTON,twice,1
moderator,MADDOW,bipartisan,1
moderator,TODD,whether,1
moderator,TODD,half,1
candidate,SANDERS,walk,2
moderator,MADDOW,republican,3
moderator,MADDOW,face,1
moderator,MADDOW,mcgovern,1
moderator,MADDOW,affordable,1
candidate,SANDERS,fully,2
candidate,CLINTON,isis,5
candidate,SANDERS,intellectual,1
moderator,MADDOW,says,1
candidate,SANDERS,job,5
candidate,SANDERS,fairly,1
moderator,MADDOW,basically,1
candidate,SANDERS,electric,1
candidate,CLINTON,valeant,1
moderator,TODD,potential,1
candidate,SANDERS,really,1
moderator,MADDOW,supporters,1
moderator,MADDOW,instead,1
candidate,SANDERS,kill,1
candidate,SANDERS,task,1
candidate,SANDERS,concerned,1
moderator,TODD,major,1
candidate,CLINTON,rid,3
candidate,SANDERS,improvements,1
moderator,TODD,des,1
moderator,TODD,bid,1
candidate,CLINTON,doctors,1
candidate,CLINTON,over-leveraging,1
candidate,CLINTON,issue,1
moderator,TODD,consider,1
candidate,CLINTON,leave,3
moderator,MADDOW,much,2
candidate,SANDERS,given,4
candidate,SANDERS,president,13
candidate,SANDERS,robert,1
candidate,SANDERS,secret,1
candidate,SANDERS,member,1
candidate,SANDERS,means,1
candidate,CLINTON,imposing,1
candidate,SANDERS,worker,1
moderator,MADDOW,telegraph,1
candidate,SANDERS,strange,2
candidate,CLINTON,networks,1
candidate,CLINTON,matter,1
candidate,SANDERS,see,12
moderator,TODD,free,1
moderator,TODD,questions,4
candidate,SANDERS,quarter,1
candidate,SANDERS,prescription,3
moderator,TODD,addressed,1
moderator,MADDOW,shouldn't,1
candidate,CLINTON,also,11
candidate,CLINTON,end,5
candidate,CLINTON,expert,1
candidate,CLINTON,boards,1
candidate,SANDERS,fair,4
candidate,SANDERS,leadership,1
candidate,CLINTON,strong,2
candidate,SANDERS,corrupt,3
candidate,CLINTON,banking,1
candidate,SANDERS,greenspan-sanders,1
moderator,MADDOW,iran,2
candidate,CLINTON,comes,4
candidate,CLINTON,provide,2
moderator,TODD,time,2
candidate,SANDERS,six,2
candidate,SANDERS,ads,1
moderator,MADDOW,title,1
moderator,MADDOW,get,7
candidate,SANDERS,contribution,1
candidate,SANDERS,downward,1
candidate,CLINTON,ever,7
moderator,MADDOW,even,6
candidate,CLINTON,hear,1
moderator,MADDOW,argument,2
candidate,SANDERS,assets,1
moderator,MADDOW,polling,1
moderator,MADDOW,fighting,1
candidate,CLINTON,minimum,1
candidate,SANDERS,putin,1
candidate,SANDERS,women,1
moderator,TODD,unite,1
moderator,TODD,new,4
moderator,MADDOW,said,6
candidate,SANDERS,governor's,1
candidate,SANDERS,powerful,4
candidate,SANDERS,immigration,1
candidate,CLINTON,proud,4
candidate,CLINTON,watching,1
moderator,TODD,saying,1
candidate,SANDERS,young,5
candidate,SANDERS,vice,1
moderator,TODD,prevent,1
candidate,CLINTON,coast,1
candidate,SANDERS,true,4
candidate,CLINTON,americans,11
candidate,SANDERS,cuba,1
moderator,MADDOW,university,3
moderator,TODD,leaves,1
moderator,TODD,look,1
moderator,TODD,asked,1
candidate,SANDERS,guts,1
candidate,CLINTON,controversy,1
candidate,CLINTON,different,4
candidate,SANDERS,whether,4
candidate,SANDERS,taxes,3
candidate,CLINTON,losses,1
candidate,SANDERS,drama,1
candidate,CLINTON,respectfully,1
candidate,SANDERS,asked,1
moderator,MADDOW,response,1
moderator,MADDOW,reason,1
candidate,CLINTON,death,1
candidate,CLINTON,missing,3
candidate,CLINTON,confine,1
candidate,CLINTON,certainly,7
candidate,SANDERS,handful,3
candidate,SANDERS,race,2
candidate,SANDERS,accurate,3
candidate,SANDERS,unable,1
candidate,CLINTON,decide,2
moderator,MADDOW,pipe,1
candidate,SANDERS,special,3
moderator,MADDOW,fight,2
candidate,CLINTON,controls,1
candidate,CLINTON,dividing,1
candidate,CLINTON,lost,2
candidate,CLINTON,warrant,1
candidate,SANDERS,bail,2
candidate,SANDERS,vote,3
candidate,CLINTON,programs,1
candidate,CLINTON,among,1
candidate,CLINTON,change,4
moderator,TODD,already,1
candidate,SANDERS,board,1
candidate,CLINTON,north,2
candidate,SANDERS,crimea,1
moderator,TODD,somehow,1
moderator,TODD,today,1
moderator,TODD,designed,1
moderator,TODD,drip-drip,1
moderator,TODD,street,1
candidate,CLINTON,party,4
candidate,CLINTON,established,1
moderator,MADDOW,multiple,1
moderator,TODD,arguably,1
candidate,CLINTON,testified,1
candidate,SANDERS,turnouts,1
candidate,SANDERS,many,9
candidate,SANDERS,ge,1
moderator,MADDOW,suffer,1
moderator,TODD,ambitious,1
candidate,CLINTON,lehman,1
candidate,SANDERS,virtually,1
candidate,SANDERS,wealthy,3
candidate,SANDERS,u,3
candidate,SANDERS,copayments,1
moderator,TODD,term,1
candidate,CLINTON,possible,1
candidate,SANDERS,blah,4
moderator,MADDOW,social,1
candidate,SANDERS,disagreements,1
moderator,MADDOW,time,2
candidate,SANDERS,bill,3
candidate,CLINTON,autoparts,1
moderator,MADDOW,sachs,1
candidate,SANDERS,written,1
candidate,SANDERS,coalition,3
candidate,CLINTON,remember,1
candidate,CLINTON,jobs,4
moderator,TODD,turn,1
candidate,CLINTON,advocacy,1
moderator,MADDOW,department,3
candidate,CLINTON,destabilizing,1
moderator,MADDOW,payer,1
candidate,CLINTON,page,1
candidate,SANDERS,deficit,1
candidate,CLINTON,need,8
moderator,MADDOW,critic,1
moderator,TODD,agreement,1
candidate,SANDERS,small,1
moderator,MADDOW,normalize,2
candidate,CLINTON,attached,1
moderator,TODD,foreign,4
candidate,CLINTON,else,3
moderator,MADDOW,outspoken,1
moderator,MADDOW,iraq,3
candidate,CLINTON,shaheen,1
moderator,MADDOW,far,2
candidate,SANDERS,disaster,2
moderator,MADDOW,people,4
candidate,CLINTON,must,2
moderator,TODD,informed,1
candidate,SANDERS,undermining,2
candidate,SANDERS,year,3
candidate,CLINTON,don't,23
candidate,SANDERS,needs,1
candidate,CLINTON,planning,1
candidate,CLINTON,global,2
candidate,SANDERS,secretary,29
moderator,MADDOW,falsely,1
moderator,MADDOW,acted,1
candidate,SANDERS,economists,4
moderator,TODD,achieve,2
candidate,CLINTON,enlist,1
candidate,CLINTON,number,1
candidate,SANDERS,frankly,1
candidate,CLINTON,answer,1
candidate,SANDERS,piece,3
candidate,SANDERS,got,12
moderator,TODD,yes,1
candidate,SANDERS,believed,1
candidate,SANDERS,world,13
moderator,TODD,promising,1
candidate,SANDERS,familiar,1
moderator,TODD,comes,2
candidate,CLINTON,understand,4
moderator,MADDOW,work,1
candidate,CLINTON,thanks,2
candidate,SANDERS,caucused,2
moderator,TODD,let's,3
candidate,SANDERS,troops,3
candidate,CLINTON,case,1
candidate,CLINTON,south,1
candidate,SANDERS,dreams,1
moderator,MADDOW,today,2
candidate,SANDERS,comes,1
candidate,SANDERS,killing,3
candidate,CLINTON,funding,1
candidate,CLINTON,sanders's,2
candidate,CLINTON,dialogue,1
moderator,TODD,course,1
candidate,CLINTON,results,1
moderator,MADDOW,issue,15
candidate,CLINTON,ground,2
candidate,CLINTON,make,25
moderator,MADDOW,exist,1
moderator,MADDOW,back,7
candidate,SANDERS,passed,1
moderator,TODD,said,9
candidate,CLINTON,cost,3
candidate,SANDERS,averaging,2
candidate,SANDERS,exists,1
candidate,SANDERS,defrauding,1
moderator,MADDOW,enough,2
candidate,CLINTON,increasing,1
candidate,CLINTON,away,1
candidate,CLINTON,left,6
moderator,MADDOW,want,5
candidate,SANDERS,enormous,1
candidate,SANDERS,reality,4
candidate,SANDERS,brothers,4
candidate,SANDERS,anybody,1
candidate,SANDERS,saw,2
candidate,SANDERS,normalize,2
candidate,CLINTON,advise,1
candidate,CLINTON,law,3
moderator,MADDOW,like,4
moderator,TODD,public,5
candidate,CLINTON,we've,13
candidate,CLINTON,inequities,1
candidate,SANDERS,endorsement,1
candidate,CLINTON,achievable,1
candidate,CLINTON,better,6
candidate,CLINTON,tpp,1
candidate,SANDERS,street,13
candidate,SANDERS,address,1
candidate,SANDERS,suppression,1
candidate,SANDERS,tell,5
moderator,MADDOW,arguing,1
candidate,SANDERS,admit,1
moderator,TODD,heavy,1
candidate,CLINTON,mccain-feingold,1
candidate,SANDERS,three,2
moderator,MADDOW,governor,2
moderator,TODD,gotten,1
moderator,MADDOW,critical,1
candidate,CLINTON,future,4
candidate,CLINTON,lgbt,2
candidate,SANDERS,denied,1
candidate,CLINTON,we'll,2
candidate,CLINTON,ways,1
candidate,CLINTON,answers,1
moderator,MADDOW,part,2
moderator,MADDOW,culinary,1
candidate,CLINTON,plan,7
moderator,MADDOW,support,3
candidate,SANDERS,ruin,1
moderator,TODD,north,2
candidate,CLINTON,you've,5
candidate,CLINTON,financial,2
moderator,MADDOW,things,2
candidate,SANDERS,face,1
candidate,SANDERS,positive,1
moderator,MADDOW,goldwater,1
moderator,MADDOW,ask,1
moderator,TODD,authorize,1
candidate,SANDERS,college,1
candidate,CLINTON,frank,1
candidate,SANDERS,profitable,1
candidate,CLINTON,mcveigh,1
moderator,MADDOW,offered,1
candidate,CLINTON,senator,26
moderator,MADDOW,think,1
candidate,SANDERS,factories,1
moderator,MADDOW,bernie,2
moderator,MADDOW,moving,1
moderator,TODD,another,1
moderator,TODD,i'd,1
candidate,CLINTON,tell,5
candidate,CLINTON,acceptable,1
candidate,CLINTON,enjoy,1
moderator,TODD,wall,1
moderator,MADDOW,frequent,1
candidate,CLINTON,dean,1
candidate,SANDERS,managed,1
candidate,SANDERS,low-income,1
candidate,SANDERS,miller,1
candidate,SANDERS,greenspan,1
moderator,MADDOW,tpp,1
candidate,CLINTON,life's,1
candidate,CLINTON,coming,1
candidate,SANDERS,giving,2
moderator,TODD,question,5
candidate,CLINTON,challenges,2
candidate,CLINTON,afghanistan,1
moderator,MADDOW,stretch,1
candidate,CLINTON,everybody,2
moderator,MADDOW,given,2
candidate,CLINTON,pressure,1
candidate,SANDERS,heard,2
candidate,CLINTON,came,1
moderator,MADDOW,nationally,1
moderator,MADDOW,can't,1
moderator,TODD,asks,1
candidate,CLINTON,doesn't,4
candidate,SANDERS,nervous,1
candidate,SANDERS,impacting,1
moderator,MADDOW,endorsed,2
candidate,SANDERS,privilege,1
candidate,SANDERS,health,10
moderator,TODD,reporting,1
candidate,CLINTON,subjected,1
moderator,TODD,pick,2
candidate,SANDERS,socialism,1
moderator,MADDOW,none,1
candidate,CLINTON,pushed,1
candidate,CLINTON,contributing,1
moderator,TODD,iraq,2
candidate,CLINTON,heads,2
candidate,CLINTON,avoid,1
candidate,CLINTON,investments,1
moderator,TODD,expect,1
moderator,TODD,praise,1
candidate,CLINTON,groups,1
candidate,SANDERS,thing,1
candidate,SANDERS,forth,1
candidate,CLINTON,peace,1
moderator,MADDOW,wants,1
moderator,TODD,publicly-financing,1
moderator,MADDOW,criticized,2
candidate,CLINTON,managers,1
candidate,CLINTON,unfortunately,1
candidate,SANDERS,ideas,2
candidate,CLINTON,accounts,1
candidate,CLINTON,review,3
moderator,TODD,winner,1
candidate,CLINTON,everything,4
moderator,TODD,shot,2
candidate,CLINTON,benghazi,1
moderator,MADDOW,america,1
moderator,MADDOW,recently,2
candidate,CLINTON,ceo,1
candidate,CLINTON,real,3
moderator,MADDOW,we'll,1
candidate,SANDERS,talking,4
moderator,TODD,mostly,1
candidate,CLINTON,imagination,1
candidate,SANDERS,islam,1
candidate,CLINTON,toxic,1
candidate,CLINTON,barely,1
moderator,TODD,letting,1
candidate,CLINTON,college,3
candidate,SANDERS,run,2
candidate,CLINTON,proposed,1
candidate,SANDERS,bucks,1
candidate,CLINTON,candidate,1
moderator,MADDOW,singled,1
candidate,SANDERS,simply,1
candidate,CLINTON,opportunity,3
moderator,TODD,particularly,1
moderator,TODD,concord,1
candidate,SANDERS,ok,3
candidate,SANDERS,childhood,1
moderator,MADDOW,welcoming,1
candidate,CLINTON,defense,3
moderator,MADDOW,know,3
candidate,SANDERS,first,2
candidate,CLINTON,amusing,1
moderator,TODD,history,1
candidate,CLINTON,partners,1
candidate,SANDERS,lines,1
moderator,TODD,fully,1
candidate,CLINTON,briefing,1
moderator,TODD,ran,1
candidate,CLINTON,sanctions,2
candidate,SANDERS,different,3
candidate,SANDERS,reached,1
candidate,SANDERS,hand,3
moderator,TODD,job,2
moderator,MADDOW,trade,1
candidate,CLINTON,supporters,1
candidate,CLINTON,governors,1
candidate,SANDERS,speeches,1
moderator,TODD,defense,4
candidate,SANDERS,finance,4
candidate,CLINTON,questions,3
moderator,TODD,issue,7
candidate,SANDERS,military,3
candidate,SANDERS,might,2
candidate,CLINTON,terrorism,3
moderator,TODD,minutes,2
moderator,MADDOW,points,1
candidate,CLINTON,establishment,1
candidate,SANDERS,turned,1
candidate,CLINTON,enforcement,1
candidate,CLINTON,takes,1
candidate,CLINTON,pact,1
candidate,SANDERS,lesson,2
moderator,TODD,follow-ups,1
candidate,CLINTON,vermonters,1
moderator,TODD,nothing,1
candidate,SANDERS,paid,2
candidate,SANDERS,korea,3
candidate,CLINTON,aspects,1
candidate,CLINTON,disaster,1
candidate,CLINTON,federal,5
candidate,SANDERS,definitions,1
candidate,CLINTON,goodness,1
candidate,SANDERS,funded,1
moderator,MADDOW,start,1
candidate,SANDERS,raising,2
moderator,TODD,can't,2
candidate,SANDERS,middle,9
candidate,CLINTON,rip,1
candidate,SANDERS,overall,1
candidate,SANDERS,democracy,3
candidate,SANDERS,recounted,1
candidate,CLINTON,remove,1
moderator,MADDOW,relief,1
candidate,SANDERS,happened,1
candidate,SANDERS,wasn't,2
candidate,CLINTON,happen,3
moderator,MADDOW,please,1
candidate,SANDERS,little,3
moderator,MADDOW,chance,1
candidate,CLINTON,plunge,2
candidate,CLINTON,justice,1
moderator,TODD,explanation,1
moderator,MADDOW,new,8
candidate,SANDERS,early,1
moderator,TODD,don't,4
candidate,CLINTON,hope,5
candidate,SANDERS,makes,3
moderator,MADDOW,likely,1
moderator,MADDOW,police,1
moderator,MADDOW,standing,2
candidate,SANDERS,multi,1
moderator,MADDOW,host,1
candidate,SANDERS,candidates,2
moderator,TODD,worried,1
candidate,SANDERS,wage,2
moderator,TODD,voting,1
candidate,SANDERS,weapon,1
candidate,CLINTON,president,25
moderator,MADDOW,accomplish,1
candidate,SANDERS,influence,1
candidate,SANDERS,alan,1
candidate,SANDERS,security,1
candidate,CLINTON,russia's,1
moderator,MADDOW,voter,1
candidate,CLINTON,involved,1
candidate,SANDERS,rates,1
candidate,SANDERS,iran,3
candidate,CLINTON,used,1
moderator,MADDOW,defense,1
moderator,TODD,challenges,1
candidate,SANDERS,significant,2
candidate,SANDERS,around,3
candidate,CLINTON,group,2
candidate,SANDERS,else,1
candidate,SANDERS,cut,1
candidate,CLINTON,issues,11
moderator,MADDOW,senator,28
candidate,SANDERS,poisoning,1
candidate,CLINTON,successful,1
candidate,SANDERS,disproportionately,1
candidate,SANDERS,far,3
moderator,TODD,thanks,1
moderator,TODD,american,2
candidate,CLINTON,addresses,1
candidate,SANDERS,putting,4
candidate,CLINTON,sadly,1
candidate,CLINTON,moving,1
candidate,CLINTON,went,2
moderator,MADDOW,next,2
moderator,MADDOW,congress,1
moderator,MADDOW,second,1
candidate,CLINTON,guys,6
moderator,TODD,get,4
candidate,SANDERS,enthusiasm,1
candidate,CLINTON,negotiations,1
candidate,CLINTON,four,2
candidate,CLINTON,question,2
candidate,CLINTON,innuendo,1
candidate,CLINTON,child's,1
candidate,SANDERS,change,6
candidate,SANDERS,opposition,5
candidate,SANDERS,loophole,2
candidate,CLINTON,aides,2
moderator,MADDOW,considerably,1
candidate,CLINTON,regard,1
candidate,SANDERS,apologized,1
candidate,SANDERS,things,4
moderator,MADDOW,let,1
candidate,SANDERS,good,12
moderator,MADDOW,hillary,2
candidate,CLINTON,develop,1
moderator,TODD,evening,1
candidate,SANDERS,crimes,2
candidate,CLINTON,building,1
candidate,SANDERS,retain,2
candidate,CLINTON,took,6
candidate,SANDERS,referring,1
moderator,TODD,presidential,2
moderator,TODD,taxpayers,1
candidate,CLINTON,privatized,1
candidate,CLINTON,culprits,1
candidate,CLINTON,finally,1
candidate,SANDERS,caucus,3
candidate,CLINTON,premise,1
candidate,CLINTON,directly,1
candidate,CLINTON,compete,1
moderator,TODD,helped,1
candidate,CLINTON,keystone,1
moderator,TODD,got,4
candidate,SANDERS,strongest,1
moderator,TODD,commenting,1
moderator,TODD,world,2
candidate,CLINTON,lot,17
candidate,SANDERS,correct,2
moderator,MADDOW,turn,1
moderator,MADDOW,clean,1
candidate,CLINTON,lebanon,1
moderator,TODD,please,1
moderator,TODD,stay,3
moderator,MADDOW,hero,2
candidate,CLINTON,achievement,1
candidate,CLINTON,rush,1
candidate,CLINTON,hours,1
moderator,MADDOW,war,1
candidate,SANDERS,studies,1
moderator,TODD,russia,3
candidate,SANDERS,trillions,1
candidate,SANDERS,strong,1
candidate,SANDERS,respect,3
candidate,CLINTON,europeans,1
moderator,MADDOW,oops,1
candidate,SANDERS,naive,1
moderator,MADDOW,differences,1
moderator,MADDOW,voters,3
candidate,SANDERS,largely,1
candidate,CLINTON,privatizing,1
candidate,SANDERS,window,1
candidate,SANDERS,better,2
moderator,MADDOW,unrealistic,1
candidate,SANDERS,executed,1
candidate,SANDERS,states,17
candidate,SANDERS,sent,1
moderator,TODD,little,2
candidate,CLINTON,progress,8
candidate,CLINTON,cafta,1
moderator,MADDOW,popular,1
moderator,MADDOW,tell,2
candidate,SANDERS,policy,4
candidate,SANDERS,insurance,2
candidate,CLINTON,saying,3
candidate,SANDERS,future,3
candidate,SANDERS,conditions,1
candidate,CLINTON,agency,1
moderator,MADDOW,keep,1
candidate,SANDERS,we're,8
candidate,SANDERS,criticized,1
moderator,TODD,senator,22
candidate,SANDERS,competing,1
candidate,SANDERS,bring,2
moderator,TODD,classified,1
candidate,SANDERS,economy,8
candidate,CLINTON,threats,1
candidate,CLINTON,basically,1
candidate,SANDERS,corporations,7
candidate,CLINTON,homes,1
moderator,TODD,rail,1
candidate,SANDERS,science,1
candidate,SANDERS,case,1
candidate,CLINTON,includes,2
moderator,MADDOW,borne,1
moderator,TODD,way,2
candidate,CLINTON,spoke,5
moderator,TODD,provide,1
candidate,SANDERS,public,6
candidate,CLINTON,nominee,2
moderator,TODD,gets,1
candidate,CLINTON,trying,10
candidate,SANDERS,background,1
candidate,CLINTON,debate,5
moderator,TODD,pacs,1
candidate,CLINTON,part,6
candidate,SANDERS,isis,10
moderator,MADDOW,house,1
candidate,CLINTON,senator's,1
candidate,CLINTON,weeks,1
moderator,TODD,speech,1
candidate,SANDERS,four,2
moderator,TODD,accept,1
candidate,CLINTON,shadow,1
candidate,CLINTON,incomes,4
moderator,MADDOW,veterans,6
candidate,CLINTON,honestly,2
moderator,MADDOW,thorniest,1
moderator,TODD,haven't,2
moderator,MADDOW,delivery,1
candidate,CLINTON,abdullah,1
moderator,MADDOW,education,1
moderator,MADDOW,screw,1
candidate,SANDERS,dealt,4
candidate,CLINTON,pleased,1
candidate,CLINTON,impugning,1
candidate,CLINTON,offering,1
candidate,SANDERS,demand,1
moderator,MADDOW,abolish,1
candidate,SANDERS,spent,1
candidate,SANDERS,corporate,4
moderator,MADDOW,liberals,1
candidate,CLINTON,stop,7
candidate,CLINTON,forces,2
candidate,SANDERS,cents,2
candidate,SANDERS,alternatives,1
candidate,SANDERS,used,1
candidate,CLINTON,ought,1
moderator,TODD,basically,3
candidate,SANDERS,picket,1
candidate,CLINTON,unfair,1
candidate,CLINTON,nomination,1
moderator,TODD,started,1
candidate,SANDERS,seen,3
candidate,CLINTON,disagree,1
moderator,TODD,news,1
candidate,SANDERS,support,5
candidate,SANDERS,people,48
candidate,SANDERS,asking,1
candidate,CLINTON,stand,4
candidate,CLINTON,view,3
candidate,SANDERS,priorities,1
candidate,CLINTON,government,4
candidate,CLINTON,track,2
candidate,SANDERS,social,1
candidate,SANDERS,couldn't,2
moderator,TODD,calls,1
moderator,MADDOW,replaced,1
candidate,CLINTON,written,1
candidate,SANDERS,underinsured,1
candidate,SANDERS,co-chairmen,1
candidate,SANDERS,running,3
candidate,CLINTON,mean,4
candidate,SANDERS,system,14
candidate,CLINTON,ran,1
moderator,MADDOW,begin,2
candidate,SANDERS,whose,1
candidate,CLINTON,ask,1
candidate,SANDERS,fossil,1
moderator,MADDOW,another,2
candidate,CLINTON,comment,1
candidate,SANDERS,grew,1
candidate,SANDERS,nation,1
moderator,MADDOW,number,2
candidate,CLINTON,determine,1
moderator,TODD,challenge,1
candidate,SANDERS,cafta,1
moderator,TODD,candidates,3
candidate,SANDERS,weapons,2
candidate,SANDERS,combat,2
candidate,SANDERS,lock,1
candidate,CLINTON,add,6
candidate,SANDERS,marijuana,1
candidate,SANDERS,brought,1
moderator,MADDOW,disproportionate,1
candidate,CLINTON,promises,3
candidate,CLINTON,e-mail,1
candidate,CLINTON,let,7
moderator,TODD,address,1
candidate,SANDERS,legislation,4
candidate,SANDERS,budget,1
candidate,SANDERS,hard,3
moderator,MADDOW,find,1
moderator,TODD,speeches,4
moderator,MADDOW,charleston,1
candidate,SANDERS,short,1
moderator,MADDOW,super,1
candidate,CLINTON,water,1
moderator,TODD,nomination,1
candidate,SANDERS,k,3
candidate,SANDERS,politicize,1
moderator,MADDOW,court,1
candidate,SANDERS,united,16
candidate,SANDERS,exist,2
moderator,TODD,third,1
candidate,SANDERS,fought,1
moderator,MADDOW,nashua,1
candidate,CLINTON,single-payer,1
candidate,SANDERS,breaking,1
candidate,CLINTON,thought,1
candidate,CLINTON,education,1
moderator,TODD,disclosure,1
candidate,SANDERS,person,1
moderator,TODD,fact,1
candidate,SANDERS,nafta,4
candidate,CLINTON,outposts,1
candidate,CLINTON,population,1
candidate,SANDERS,agreement,2
candidate,SANDERS,governmental,1
moderator,TODD,nobody,1
candidate,SANDERS,latino,1
candidate,SANDERS,wrote,1
moderator,MADDOW,anyway,1
candidate,CLINTON,attention,1
candidate,SANDERS,spoiler,1
candidate,CLINTON,smart,2
candidate,CLINTON,meet,2
candidate,SANDERS,relations,2
candidate,SANDERS,ending,1
candidate,CLINTON,pre-k,1
candidate,SANDERS,send,2
moderator,MADDOW,street,5
candidate,CLINTON,rachel,3
candidate,SANDERS,issue,6
moderator,TODD,reform,5
candidate,SANDERS,impacted,1
candidate,CLINTON,vigorous,1
candidate,CLINTON,use,3
moderator,TODD,differences,1
moderator,TODD,judgment,1
candidate,CLINTON,cannot,3
moderator,MADDOW,control,1
moderator,MADDOW,never,1
candidate,SANDERS,irresponsibility,1
candidate,SANDERS,loved,1
moderator,MADDOW,mind,1
candidate,SANDERS,represents,1
candidate,SANDERS,give,3
moderator,TODD,vice,1
candidate,CLINTON,everyday,1
candidate,SANDERS,want,15
candidate,CLINTON,best,8
candidate,SANDERS,ground,3
candidate,SANDERS,remember,1
moderator,MADDOW,ordering,1
candidate,SANDERS,families,8
candidate,CLINTON,insinuation,2
candidate,CLINTON,classified,1
candidate,CLINTON,interest,3
candidate,SANDERS,moderate,4
moderator,TODD,participate,1
moderator,MADDOW,you're,3
candidate,SANDERS,alone,2
candidate,CLINTON,air,2
moderator,TODD,trade,7
candidate,CLINTON,leadership,1
moderator,MADDOW,america's,1
moderator,MADDOW,wobbled,1
candidate,CLINTON,arc,1
candidate,SANDERS,pleasure,1
candidate,SANDERS,terrorism,2
moderator,MADDOW,senate,1
candidate,CLINTON,leverage,1
candidate,SANDERS,chuck,3
candidate,SANDERS,bombing,1
candidate,SANDERS,recently,1
candidate,SANDERS,seem,1
candidate,SANDERS,financial,5
candidate,SANDERS,vfw,1
candidate,SANDERS,frank,1
candidate,CLINTON,strategy,1
candidate,CLINTON,extract,1
candidate,SANDERS,ran,1
candidate,SANDERS,doctrine,1
candidate,SANDERS,harsh,1
moderator,TODD,electability,1
candidate,CLINTON,raising,1
candidate,CLINTON,judgment,2
candidate,CLINTON,hezbollah,1
candidate,CLINTON,given,1
candidate,CLINTON,threat,3
candidate,SANDERS,institutions,2
candidate,CLINTON,material,1
candidate,CLINTON,thing,1
candidate,SANDERS,wildest,1
candidate,SANDERS,hussein,1
candidate,CLINTON,supported,1
moderator,TODD,period,1
candidate,SANDERS,let,13
candidate,SANDERS,adversaries,1
moderator,TODD,closing,1
candidate,SANDERS,mind,2
candidate,SANDERS,among,1
candidate,CLINTON,win,4
moderator,TODD,candidacy,1
moderator,MADDOW,surrogates,1
candidate,CLINTON,worry,1
candidate,CLINTON,care,10
moderator,MADDOW,members,1
candidate,CLINTON,called,6
moderator,TODD,knows,1
candidate,SANDERS,ask,3
candidate,SANDERS,companies,5
candidate,SANDERS,well,19
candidate,CLINTON,see,4
candidate,CLINTON,city,1
candidate,CLINTON,may,4
candidate,SANDERS,life,3
moderator,MADDOW,would,8
candidate,SANDERS,political,16
candidate,SANDERS,drive,1
candidate,CLINTON,might,3
moderator,MADDOW,going,8
candidate,SANDERS,destroy,3
candidate,CLINTON,continues,2
candidate,SANDERS,dismantle,1
candidate,CLINTON,information,1
candidate,CLINTON,campaigns,1
moderator,TODD,walking,1
moderator,TODD,mean,1
candidate,CLINTON,various,1
candidate,SANDERS,century,1
moderator,TODD,policies,1
moderator,TODD,sound,2
candidate,CLINTON,vetted,2
candidate,SANDERS,compromise,1
moderator,MADDOW,raising,1
moderator,TODD,democrats,3
candidate,CLINTON,treated,1
candidate,SANDERS,we've,2
moderator,TODD,programs,1
candidate,CLINTON,affiliated,1
candidate,CLINTON,out-of-pocket,1
moderator,TODD,called,2
candidate,CLINTON,beat,2
candidate,SANDERS,billion,4
moderator,MADDOW,american,2
candidate,SANDERS,actually,2
moderator,MADDOW,hard,1
candidate,CLINTON,pipes,1
candidate,CLINTON,prevents,1
candidate,SANDERS,feel,1
candidate,CLINTON,evaluation,1
moderator,MADDOW,order,2
candidate,SANDERS,looked,5
candidate,CLINTON,days,1
candidate,SANDERS,unfettered,1
candidate,CLINTON,preexisting,1
moderator,MADDOW,early,1
candidate,SANDERS,privatize,2
candidate,SANDERS,flips,1
moderator,MADDOW,abolished,1
moderator,TODD,running,3
candidate,CLINTON,bring,4
candidate,SANDERS,americans,5
candidate,SANDERS,citizenship,1
candidate,SANDERS,v,4
candidate,SANDERS,nickel,1
candidate,CLINTON,supports,1
candidate,SANDERS,power,6
candidate,SANDERS,air,1
candidate,SANDERS,write,2
candidate,CLINTON,confident,1
candidate,SANDERS,floor,1
candidate,CLINTON,repeat,1
candidate,SANDERS,serving,1
candidate,CLINTON,keep,10
candidate,SANDERS,died,1
candidate,CLINTON,puts,1
moderator,TODD,prioritize,2
candidate,CLINTON,growing,1
moderator,MADDOW,turns,1
moderator,TODD,oppose,1
candidate,CLINTON,commitment,1
moderator,MADDOW,privatize,1
moderator,MADDOW,poisoning,2
moderator,TODD,passed,1
moderator,TODD,getting,3
moderator,TODD,i'll,1
candidate,SANDERS,primary,1
moderator,TODD,supportive,1
candidate,SANDERS,germany,1
moderator,TODD,home,1
candidate,SANDERS,china,9
candidate,CLINTON,start,6
candidate,CLINTON,cherry,1
moderator,MADDOW,join,1
candidate,SANDERS,negotiate,2
candidate,SANDERS,cannot,3
candidate,SANDERS,recent,3
candidate,CLINTON,circumstances,2
candidate,SANDERS,prices,3
candidate,SANDERS,hours,2
moderator,MADDOW,wars,1
candidate,CLINTON,secretary,11
candidate,SANDERS,products,1
moderator,TODD,war,2
candidate,SANDERS,understanding,1
candidate,SANDERS,executive,1
candidate,SANDERS,degree,1
candidate,CLINTON,killing,1
candidate,CLINTON,crimea,1
candidate,CLINTON,world,5
candidate,CLINTON,white,2
moderator,MADDOW,cost,1
candidate,CLINTON,side,1
candidate,SANDERS,war,7
moderator,TODD,earlier,1
candidate,SANDERS,vietnam,2
moderator,TODD,explain,1
moderator,TODD,isis,1
moderator,MADDOW,incident,1
candidate,SANDERS,yes,5
candidate,SANDERS,us,15
moderator,TODD,carter,2
candidate,SANDERS,kind,1
candidate,SANDERS,helps,1
candidate,CLINTON,forth,2
candidate,SANDERS,fraud,2
candidate,SANDERS,comments,1
candidate,CLINTON,pharmaceutical,1
candidate,CLINTON,reciprocal,1
moderator,MADDOW,system,1
moderator,MADDOW,railed,1
moderator,TODD,keep,1
candidate,CLINTON,forward,4
candidate,CLINTON,broader,1
moderator,TODD,ever,1
candidate,SANDERS,government,12
moderator,MADDOW,fix,1
moderator,MADDOW,commerce,1
moderator,TODD,since,1
moderator,TODD,finance,1
candidate,CLINTON,won't,1
candidate,CLINTON,unite,1
candidate,SANDERS,leave,1
candidate,SANDERS,understands,1
candidate,SANDERS,mean,1
moderator,TODD,give,1
candidate,CLINTON,camping,1
candidate,SANDERS,judgment,1
candidate,CLINTON,penalty,1
candidate,CLINTON,saw,1
moderator,TODD,policy,4
moderator,TODD,around,1
candidate,CLINTON,issued,1
candidate,CLINTON,class,2
candidate,CLINTON,actually,15
candidate,CLINTON,share,1
candidate,SANDERS,income,1
candidate,SANDERS,withdraw,1
candidate,CLINTON,poisoning,1
moderator,TODD,seconds,9
candidate,CLINTON,close,2
candidate,CLINTON,behalf,1
candidate,CLINTON,wrecking,1
candidate,SANDERS,number,7
candidate,CLINTON,excesses,2
candidate,CLINTON,efficiently,1
candidate,SANDERS,tpp,1
candidate,CLINTON,bold,1
moderator,TODD,final,2
candidate,SANDERS,age,1
moderator,TODD,voters,2
moderator,TODD,would,7
candidate,SANDERS,havens,2
moderator,TODD,debate,6
candidate,CLINTON,fund,5
candidate,SANDERS,congress,4
moderator,TODD,talking,3
moderator,MADDOW,she's,2
moderator,MADDOW,epa,1
moderator,MADDOW,it's,2
candidate,SANDERS,establishment,7
candidate,SANDERS,horrible,2
moderator,TODD,order,1
candidate,CLINTON,hillarycare,2
moderator,TODD,family,1
candidate,SANDERS,education,2
candidate,SANDERS,thank,2
candidate,SANDERS,real,2
moderator,MADDOW,vermonter,1
moderator,MADDOW,public,1
moderator,TODD,added,1
candidate,SANDERS,funding,1
moderator,TODD,there's,1
moderator,TODD,monday,1
candidate,SANDERS,cutting,1
candidate,CLINTON,sure,4
candidate,SANDERS,set,1
candidate,CLINTON,pay,3
candidate,CLINTON,sanders,13
candidate,SANDERS,medicare,2
candidate,SANDERS,shape,1
candidate,CLINTON,swaps,2
candidate,CLINTON,rice,1
candidate,SANDERS,even,3
candidate,SANDERS,folks,1
candidate,SANDERS,excited,1
candidate,SANDERS,apiece,1
moderator,MADDOW,donations,1
candidate,CLINTON,moved,2
candidate,CLINTON,standards,1
candidate,SANDERS,nobody,3
moderator,MADDOW,campaign,12
moderator,MADDOW,broader,1
moderator,MADDOW,exactly,1
candidate,SANDERS,lowest,1
candidate,SANDERS,matter,1
candidate,CLINTON,important,4
moderator,MADDOW,opponent,1
candidate,CLINTON,making,6
candidate,CLINTON,anybody,2
candidate,SANDERS,disagree,1
candidate,CLINTON,brought,1
moderator,MADDOW,list,1
candidate,SANDERS,bottom,2
candidate,CLINTON,find,2
candidate,CLINTON,would,17
moderator,TODD,criticize,1
candidate,CLINTON,little,2
moderator,TODD,leaving,1
candidate,CLINTON,produce,1
candidate,CLINTON,campaign,7
moderator,TODD,asian,2
moderator,MADDOW,dismissive,1
candidate,CLINTON,world's,1
candidate,SANDERS,mutual,1
candidate,SANDERS,citizens,2
candidate,SANDERS,missed,1
candidate,CLINTON,savings,1
moderator,TODD,clinton,15
candidate,CLINTON,budget,1
moderator,TODD,confident,1
moderator,MADDOW,leader,1
candidate,SANDERS,interests,4
candidate,SANDERS,illegal,1
moderator,TODD,coverage,2
moderator,TODD,ability,1
candidate,SANDERS,honestly,1
candidate,CLINTON,members,2
moderator,TODD,verbatim,1
candidate,SANDERS,last,9
moderator,TODD,alright,1
candidate,CLINTON,accusation,1
candidate,CLINTON,karl,2
candidate,CLINTON,numbers,3
candidate,CLINTON,person,7
moderator,TODD,paid,2
moderator,MADDOW,barry,1
candidate,CLINTON,who's,1
candidate,CLINTON,former,5
moderator,MADDOW,mart,1
moderator,TODD,money,3
candidate,SANDERS,country,22
moderator,MADDOW,opponents,1
candidate,SANDERS,raul,1
candidate,CLINTON,tested,1
moderator,TODD,hard,1
candidate,SANDERS,legion,1
moderator,MADDOW,death,9
candidate,CLINTON,feelings,1
candidate,SANDERS,expensive,1
candidate,CLINTON,opposed,3
candidate,SANDERS,enjoy,1
candidate,CLINTON,send,2
candidate,SANDERS,educated,1
candidate,CLINTON,whatsoever,1
candidate,SANDERS,employers,1
candidate,SANDERS,outrage,1
candidate,CLINTON,gets,2
moderator,TODD,special,1
moderator,MADDOW,isis,2
moderator,TODD,national,4
moderator,MADDOW,americans,2
candidate,CLINTON,deal,2
candidate,SANDERS,doesn't,7
candidate,CLINTON,indeed,1
candidate,SANDERS,worry,3
candidate,CLINTON,enforce,1
candidate,SANDERS,development,2
candidate,SANDERS,allow,1
candidate,SANDERS,absolutely,9
candidate,CLINTON,reasons,1
candidate,SANDERS,caught,1
moderator,TODD,moment,1
candidate,CLINTON,fighters,4
candidate,SANDERS,reform,2
moderator,MADDOW,expand,1
candidate,SANDERS,addressing,1
candidate,CLINTON,afghan,3
candidate,CLINTON,laying,1
candidate,CLINTON,i'm,32
candidate,CLINTON,figure,1
moderator,MADDOW,person,1
moderator,MADDOW,nomination,1
moderator,MADDOW,political,1
moderator,TODD,we're,8
candidate,CLINTON,danger,1
candidate,CLINTON,try,19
moderator,MADDOW,whole,2
candidate,CLINTON,defeat,3
candidate,SANDERS,bank,2
candidate,SANDERS,ohio,1
candidate,CLINTON,voice,1
moderator,TODD,two,2
candidate,SANDERS,another,1
moderator,TODD,rules,2
candidate,CLINTON,donations,3
candidate,SANDERS,largest,2
candidate,CLINTON,judged,1
candidate,CLINTON,benefit,1
candidate,CLINTON,target,1
candidate,SANDERS,put,6
candidate,SANDERS,poverty,1
candidate,CLINTON,center,1
moderator,MADDOW,national,2
candidate,SANDERS,progress,2
candidate,SANDERS,separates,1
moderator,MADDOW,complained,1
candidate,SANDERS,lives,4
moderator,MADDOW,snyder,1
moderator,MADDOW,cases,1
candidate,CLINTON,definition,4
moderator,TODD,good,3
candidate,CLINTON,pretty,1
candidate,SANDERS,wrong,3
candidate,SANDERS,decent-paying,2
candidate,CLINTON,fortunate,2
candidate,CLINTON,first,8
candidate,CLINTON,deeply,3
candidate,SANDERS,demoralized,1
candidate,CLINTON,makers,1
moderator,TODD,you've,6
moderator,TODD,important,2
candidate,CLINTON,pose,2
candidate,SANDERS,fail,1
candidate,CLINTON,chance,1
candidate,CLINTON,paul,2
candidate,SANDERS,applies,1
candidate,CLINTON,gun,1
moderator,TODD,won,1
candidate,SANDERS,michigan,1
candidate,CLINTON,diminish,1
candidate,CLINTON,problems,4
moderator,TODD,setting,1
candidate,SANDERS,delegates,4
moderator,MADDOW,power,1
moderator,MADDOW,departments,1
candidate,CLINTON,can't,3
candidate,CLINTON,engaged,2
candidate,CLINTON,set,4
candidate,SANDERS,supporting,1
candidate,CLINTON,fees,1
candidate,SANDERS,members,1
candidate,SANDERS,economics,1
moderator,MADDOW,let's,1
candidate,CLINTON,represented,1
candidate,CLINTON,kennedy's,1
candidate,SANDERS,that's,18
candidate,CLINTON,stirring,1
candidate,SANDERS,take,4
candidate,SANDERS,poisoned,1
moderator,MADDOW,party,4
candidate,SANDERS,thousands,1
candidate,SANDERS,ago,5
candidate,SANDERS,keith,1
candidate,CLINTON,reserve,1
candidate,CLINTON,go,12
moderator,TODD,answers,1
candidate,SANDERS,money,15
candidate,SANDERS,meetings,1
candidate,SANDERS,word,1
candidate,CLINTON,step,4
candidate,SANDERS,rampant,1
candidate,SANDERS,ramadi,1
candidate,CLINTON,great,5
moderator,TODD,long,4
candidate,SANDERS,canada,1
candidate,SANDERS,working,12
candidate,SANDERS,reason,4
candidate,CLINTON,concessions,1
candidate,CLINTON,mayor's,1
candidate,CLINTON,exemplifying,1
candidate,SANDERS,policeman,1
candidate,CLINTON,empowerment,1
moderator,MADDOW,direction,1
moderator,MADDOW,wal,1
candidate,SANDERS,resignation,1
candidate,CLINTON,shenanigans,1
moderator,TODD,enough,1
candidate,CLINTON,achieve,1
candidate,CLINTON,interview,1
candidate,CLINTON,requested,1
moderator,MADDOW,love,1
candidate,SANDERS,quality,1
candidate,CLINTON,back,12
candidate,SANDERS,goldman,3
candidate,SANDERS,shouldn't,2
candidate,CLINTON,aligned,1
candidate,CLINTON,head,2
candidate,CLINTON,remedy,1
candidate,SANDERS,hearing,1
moderator,TODD,fell,1
candidate,SANDERS,structured,1
candidate,CLINTON,carrying,1
candidate,CLINTON,obama,7
candidate,SANDERS,speech,3
candidate,SANDERS,tried,1
candidate,CLINTON,costs,5
moderator,TODD,part,1
candidate,SANDERS,forward,3
candidate,SANDERS,control,2
candidate,CLINTON,two,1
moderator,TODD,happy,1
candidate,SANDERS,waiting,2
candidate,CLINTON,absurdity,2
candidate,SANDERS,involved,3
moderator,MADDOW,don't,1
moderator,TODD,madam,3
candidate,CLINTON,instability,1
candidate,SANDERS,general,2
moderator,TODD,event,1
moderator,MADDOW,activists,1
candidate,CLINTON,body,1
candidate,SANDERS,arguable,1
candidate,SANDERS,day,7
candidate,SANDERS,per,1
moderator,TODD,spent,1
candidate,SANDERS,training,1
candidate,SANDERS,goal,1
moderator,TODD,one,8
candidate,CLINTON,citizenry,1
moderator,TODD,quote,2
candidate,CLINTON,hold,2
candidate,SANDERS,combined,1
candidate,CLINTON,order,1
moderator,TODD,least,1
candidate,CLINTON,vigilant,1
candidate,SANDERS,transform,3
moderator,MADDOW,aggressively,1
candidate,SANDERS,front,1
moderator,MADDOW,pipeline,1
candidate,SANDERS,pass,1
candidate,SANDERS,somewhat,1
candidate,CLINTON,chuck,3
candidate,SANDERS,normal,1
moderator,TODD,agree,2
candidate,CLINTON,prices,1
candidate,CLINTON,capability,2
candidate,SANDERS,imagine,1
moderator,MADDOW,concern,1
moderator,MADDOW,advance,1
moderator,TODD,states,1
candidate,CLINTON,break,1
candidate,CLINTON,tonight,3
candidate,SANDERS,what's,1
candidate,CLINTON,poses,1
candidate,CLINTON,net,1
moderator,TODD,england,1
candidate,CLINTON,insurance,4
candidate,CLINTON,loophole,1
candidate,CLINTON,paying,1
moderator,MADDOW,president,6
candidate,CLINTON,exist,1
candidate,CLINTON,syria,5
moderator,MADDOW,breathe,1
moderator,TODD,possible,2
candidate,CLINTON,foreign,3
candidate,CLINTON,circuit,1
moderator,TODD,readers,1
candidate,SANDERS,getting,1
candidate,SANDERS,although,1
moderator,MADDOW,still,2
candidate,CLINTON,sending,1
candidate,CLINTON,bought,1
moderator,TODD,immigration,4
moderator,MADDOW,mccain,1
candidate,SANDERS,finally,1
moderator,TODD,stuff,1
candidate,CLINTON,fight,2
moderator,TODD,goldman,2
candidate,CLINTON,process,2
candidate,CLINTON,celebrating,1
candidate,CLINTON,security,6
candidate,CLINTON,independent,1
moderator,MADDOW,sense,1
candidate,SANDERS,quickly,1
candidate,CLINTON,going,26
candidate,CLINTON,gatekeeper,1
candidate,SANDERS,warfare,2
moderator,TODD,supported,3
moderator,MADDOW,we've,1
candidate,SANDERS,colleagues,1
candidate,CLINTON,pick,1
moderator,MADDOW,try,2
candidate,CLINTON,it's,17
candidate,CLINTON,promise,1
candidate,CLINTON,safe,2
moderator,TODD,ok,3
candidate,CLINTON,heard,1
candidate,CLINTON,washington,1
candidate,SANDERS,thirds,1
candidate,CLINTON,people's,2
candidate,SANDERS,allowing,1
moderator,TODD,blow,1
candidate,SANDERS,based,2
candidate,CLINTON,grateful,1
moderator,TODD,yesterday,1
candidate,CLINTON,intelligence,1
candidate,CLINTON,accept,1
candidate,SANDERS,jail,1
candidate,SANDERS,proportion,2
candidate,CLINTON,living,1
moderator,TODD,addressing,1
candidate,SANDERS,time,5
candidate,CLINTON,namely,1
candidate,SANDERS,tells,1
candidate,CLINTON,able,3
candidate,CLINTON,wants,4
candidate,CLINTON,testing,1
candidate,CLINTON,gives,1
candidate,SANDERS,told,1
moderator,TODD,isn't,1
candidate,SANDERS,unacceptable,2
candidate,CLINTON,reign,3
moderator,MADDOW,long,1
candidate,SANDERS,talked,3
candidate,CLINTON,ideas,1
candidate,SANDERS,saying,2
moderator,MADDOW,nevada,1
candidate,SANDERS,newspapers,2
moderator,MADDOW,cooperation,2
candidate,CLINTON,together,10
candidate,CLINTON,potential,1
candidate,SANDERS,area,1
candidate,CLINTON,labor,1
moderator,TODD,reassure,1
candidate,SANDERS,national,2
candidate,SANDERS,stand,6
candidate,CLINTON,support,18
candidate,CLINTON,administration,3
candidate,CLINTON,wanted,1
candidate,SANDERS,controls,1
candidate,SANDERS,turns,1
moderator,MADDOW,politics,1
moderator,MADDOW,nominee,3
candidate,CLINTON,nuclear,6
candidate,CLINTON,accomplishments,1
candidate,CLINTON,motive,1
moderator,TODD,week,2
candidate,SANDERS,supposed,1
moderator,MADDOW,guys,1
candidate,CLINTON,system,4
moderator,TODD,going,12
candidate,SANDERS,wonders,1
moderator,TODD,colleague,1
moderator,MADDOW,democratic,8
moderator,MADDOW,caused,2
candidate,CLINTON,yesterday,1
candidate,CLINTON,burden,1
candidate,SANDERS,des,2
candidate,SANDERS,strongly,2
candidate,SANDERS,climate,2
moderator,TODD,obama,6
candidate,SANDERS,deeper,1
moderator,MADDOW,name,1
candidate,CLINTON,enough,6
candidate,SANDERS,lead,2
moderator,MADDOW,lead,4
candidate,CLINTON,iran,6
candidate,SANDERS,record,3
moderator,TODD,still,3
candidate,SANDERS,new,6
candidate,SANDERS,ripoffs,1
moderator,TODD,able,3
candidate,CLINTON,appropriate,4
candidate,CLINTON,put,10
candidate,CLINTON,chief,2
candidate,SANDERS,already,1
candidate,SANDERS,crumbling,1
candidate,CLINTON,spent,2
moderator,TODD,fbi,2
moderator,MADDOW,agreed,1
candidate,SANDERS,deductibles,1
moderator,MADDOW,face-to-face,1
candidate,CLINTON,infrastructure,3
candidate,SANDERS,forces,1
candidate,CLINTON,incredibly,1
candidate,SANDERS,proposition,1
candidate,SANDERS,contributors,4
candidate,CLINTON,status,1
moderator,TODD,big,6
candidate,CLINTON,wrong,1
candidate,SANDERS,acts,1
candidate,CLINTON,constituents,2
candidate,CLINTON,war,2
candidate,SANDERS,medical,1
moderator,TODD,penalty,1
candidate,SANDERS,affairs,2
moderator,TODD,transcription,1
candidate,SANDERS,pouring,1
candidate,CLINTON,spotlight,1
candidate,CLINTON,hurt,2
moderator,TODD,bigger,1
candidate,CLINTON,one,12
candidate,SANDERS,must,4
candidate,SANDERS,multinationals,1
candidate,CLINTON,bin,2
candidate,CLINTON,stressful,1
candidate,CLINTON,heart,6
candidate,CLINTON,johnson,1
candidate,SANDERS,view,4
candidate,CLINTON,economic,2
candidate,CLINTON,billion,1
candidate,SANDERS,though,1
moderator,TODD,results,2
candidate,CLINTON,cooperative,1
candidate,CLINTON,nato,2
candidate,SANDERS,kerry,1
candidate,CLINTON,counterterrorism,1
candidate,SANDERS,accept,2
candidate,CLINTON,boundaries,2
candidate,CLINTON,pointing,1
candidate,CLINTON,fixing,1
candidate,SANDERS,pretty,5
moderator,TODD,wrote,1
candidate,CLINTON,self-proclaimed,1
candidate,SANDERS,says,3
candidate,SANDERS,months,1
candidate,SANDERS,loopholes,1
candidate,SANDERS,cayman,2
moderator,MADDOW,george,1
moderator,TODD,concerned,1
candidate,CLINTON,everyone,1
candidate,SANDERS,tax,5
candidate,SANDERS,pac,3
candidate,CLINTON,armor,1
candidate,CLINTON,prepared,5
candidate,SANDERS,voted,5
moderator,TODD,move,3
candidate,SANDERS,room,1
candidate,CLINTON,moderate,1
moderator,MADDOW,rick,1
candidate,SANDERS,enamored,1
candidate,SANDERS,model,1
candidate,SANDERS,kid,2
moderator,MADDOW,fired,1
candidate,SANDERS,children,1
candidate,CLINTON,doorstep,1
candidate,CLINTON,defending,1
candidate,SANDERS,concluded,1
candidate,SANDERS,let's,16
candidate,SANDERS,major,11
candidate,SANDERS,current,1
moderator,MADDOW,asked,1
moderator,MADDOW,supreme,1
candidate,CLINTON,china,1
moderator,TODD,become,1
moderator,TODD,end,1
candidate,CLINTON,dodd-frank,1
candidate,CLINTON,auto,2
candidate,SANDERS,sustaining,1
candidate,SANDERS,poll,1
candidate,SANDERS,going,15
candidate,CLINTON,saudi,1
candidate,SANDERS,whole,5
moderator,MADDOW,place,1
moderator,MADDOW,saying,1
moderator,TODD,email,3
moderator,MADDOW,got,2
candidate,SANDERS,chairs,1
candidate,SANDERS,france,2
candidate,CLINTON,confidence,1
candidate,SANDERS,court,1
moderator,MADDOW,consider,1
candidate,CLINTON,america,4
candidate,CLINTON,exactly,5
candidate,CLINTON,november,1
moderator,MADDOW,goldman,1
candidate,CLINTON,since,1
candidate,CLINTON,hardly,1
candidate,SANDERS,pay,7
candidate,CLINTON,look,15
candidate,CLINTON,elected,1
candidate,SANDERS,mccain,1
candidate,SANDERS,rather,1
candidate,SANDERS,american,14
candidate,CLINTON,wiped,1
moderator,TODD,year,1
candidate,SANDERS,destroying,1
candidate,SANDERS,entire,3
candidate,CLINTON,immediately,1
candidate,SANDERS,labor,1
candidate,CLINTON,remediate,1
candidate,SANDERS,somebody,3
candidate,CLINTON,proxy,1
candidate,CLINTON,assad,1
candidate,SANDERS,important,3
candidate,SANDERS,nail,1
candidate,SANDERS,spending,2
moderator,TODD,system,4
candidate,CLINTON,young,2
moderator,TODD,never,1
candidate,SANDERS,contributed,1
candidate,CLINTON,republicans,5
moderator,TODD,recently,1
candidate,SANDERS,two,8
candidate,CLINTON,face,3
candidate,SANDERS,governor,1
candidate,CLINTON,kurdish,1
candidate,SANDERS,beyond,2
candidate,CLINTON,works,3
candidate,CLINTON,run,5
candidate,SANDERS,verge,1
candidate,SANDERS,jordan,1
moderator,MADDOW,obama,3
candidate,SANDERS,one,26
moderator,TODD,first,10
candidate,CLINTON,us,16
candidate,CLINTON,formed,1
moderator,MADDOW,data,1
candidate,CLINTON,negotiated,2
moderator,TODD,percent,1
candidate,SANDERS,share,2
candidate,SANDERS,chairing,1
candidate,CLINTON,state's,1
moderator,MADDOW,bearer,1
candidate,SANDERS,gave,1
moderator,TODD,transcripts,2
moderator,MADDOW,clinton's,1
candidate,CLINTON,we're,18
candidate,CLINTON,kissinger,1
candidate,SANDERS,powers,2
moderator,MADDOW,called,1
moderator,TODD,famously,1
candidate,CLINTON,supreme,2
candidate,SANDERS,john,2
moderator,MADDOW,last,4
candidate,CLINTON,along,1
moderator,MADDOW,opening,1
moderator,MADDOW,flint,5
candidate,CLINTON,retroactively,1
candidate,CLINTON,says,1
moderator,MADDOW,onto,1
moderator,MADDOW,often,1
moderator,MADDOW,penalty,8
candidate,CLINTON,narrowly,1
candidate,CLINTON,got,22
candidate,CLINTON,artful,1
moderator,TODD,go,8
moderator,TODD,draw,1
candidate,CLINTON,talking,1
candidate,CLINTON,million,2
candidate,CLINTON,personally,1
candidate,CLINTON,place,3
candidate,SANDERS,points,1
moderator,TODD,crush,1
candidate,CLINTON,fact,3
candidate,SANDERS,nominee,1
candidate,CLINTON,closest,1
candidate,CLINTON,posed,1
candidate,CLINTON,explaining,1
candidate,CLINTON,restore,1
moderator,MADDOW,health,1
candidate,SANDERS,economic,4
candidate,SANDERS,unlimited,1
moderator,TODD,choices,2
candidate,CLINTON,ploy,1
candidate,SANDERS,settlement,2
candidate,SANDERS,essentially,1
candidate,SANDERS,exception,1
candidate,CLINTON,special,5
moderator,MADDOW,describing,1
candidate,CLINTON,holding,3
candidate,SANDERS,currently,1
candidate,CLINTON,described,1
candidate,CLINTON,reflect,1
candidate,SANDERS,deregulation,1
moderator,MADDOW,reporters,1
moderator,MADDOW,explain,1
candidate,SANDERS,rigged,4
candidate,SANDERS,intrinsic,1
moderator,MADDOW,frontrunners,1
candidate,CLINTON,decided,1
candidate,SANDERS,dismantling,1
candidate,CLINTON,election,2
moderator,MADDOW,talking,4
moderator,TODD,picked,1
moderator,TODD,laid,1
moderator,MADDOW,congressional,2
candidate,SANDERS,longest,1
candidate,CLINTON,panels,1
candidate,CLINTON,including,2
candidate,SANDERS,street's,1
candidate,SANDERS,hey,2
candidate,CLINTON,faced,1
candidate,SANDERS,including,3
candidate,CLINTON,trainers,2
candidate,CLINTON,hawaii,1
moderator,MADDOW,thank,11
candidate,CLINTON,evidence,1
candidate,SANDERS,entity,1
candidate,CLINTON,finance,1
candidate,SANDERS,debt,1
candidate,CLINTON,contentious,2
candidate,SANDERS,raised,3
candidate,SANDERS,request,1
candidate,SANDERS,probably,2
candidate,SANDERS,wisconsin,1
candidate,CLINTON,handle,1
candidate,CLINTON,respected,1
candidate,CLINTON,experience,3
candidate,CLINTON,always,2
moderator,MADDOW,take,3
moderator,MADDOW,one,4
moderator,MADDOW,heard,1
moderator,TODD,clear,1
candidate,CLINTON,republican,1
moderator,TODD,continue,1
candidate,CLINTON,koch,1
candidate,CLINTON,officials,2
candidate,CLINTON,likes,1
candidate,SANDERS,think,42
moderator,TODD,posture,1
moderator,TODD,head,1
candidate,CLINTON,rising,2
candidate,SANDERS,endorsed,2
moderator,MADDOW,employment,1
candidate,CLINTON,quote,1
candidate,CLINTON,create,2
candidate,SANDERS,jeff,1
candidate,SANDERS,believing,1
moderator,TODD,taking,1
candidate,CLINTON,interests,5
candidate,SANDERS,gets,3
candidate,CLINTON,conversations,1
candidate,SANDERS,paraphrasing,2
moderator,MADDOW,worry,1
candidate,SANDERS,began,1
candidate,SANDERS,agreements,1
candidate,SANDERS,margins,1
candidate,SANDERS,everybody,2
moderator,MADDOW,burden,1
candidate,CLINTON,addressed,1
moderator,TODD,we'll,8
candidate,CLINTON,united,4
moderator,TODD,leader,1
candidate,CLINTON,disabilities,1
candidate,SANDERS,please,1
candidate,SANDERS,billionaires,1
moderator,TODD,favor,1
candidate,SANDERS,speculation,1
moderator,TODD,caucuses,3
candidate,CLINTON,blowing,1
moderator,TODD,response,1
candidate,CLINTON,fair,3
candidate,CLINTON,advantage,1
candidate,CLINTON,manufacturing,2
moderator,TODD,priority,1
candidate,CLINTON,street,10
candidate,SANDERS,creating,1
moderator,TODD,emphasizing,1
candidate,SANDERS,end,4
moderator,TODD,stretch,1
candidate,CLINTON,whole,1
candidate,CLINTON,presumptuous,1
candidate,CLINTON,take,12
candidate,SANDERS,sponsor,1
candidate,CLINTON,what's,4
candidate,SANDERS,lower,2
moderator,MADDOW,member,1
candidate,SANDERS,rankings,1
moderator,MADDOW,toward,1
candidate,CLINTON,there's,5
candidate,SANDERS,away,3
candidate,CLINTON,new,6
candidate,SANDERS,unfortunately,1
candidate,CLINTON,east,1
moderator,TODD,last,2
moderator,MADDOW,conservative,2
candidate,CLINTON,effective,2
moderator,MADDOW,endorsement,1
moderator,MADDOW,proper,1
candidate,CLINTON,anyone,2
candidate,SANDERS,organization,1
candidate,SANDERS,minimum,1
candidate,CLINTON,least,1
candidate,CLINTON,immigration,3
candidate,SANDERS,threatened,1
candidate,SANDERS,unless,2
candidate,CLINTON,feeling,1
candidate,CLINTON,mistakes,1
candidate,SANDERS,shown,1
candidate,SANDERS,rallying,1
candidate,CLINTON,super,1
candidate,CLINTON,laden,2
candidate,CLINTON,accomplish,1
candidate,SANDERS,regard,1
candidate,SANDERS,hired,1
candidate,SANDERS,serious,2
candidate,SANDERS,bombs,1
moderator,MADDOW,vote,1
candidate,CLINTON,association,1
candidate,CLINTON,arena,1
candidate,CLINTON,reverse,1
candidate,SANDERS,dollar,3
moderator,MADDOW,troops,2
candidate,SANDERS,problems,3
candidate,SANDERS,appropriate,2
moderator,TODD,serious,1
moderator,TODD,squeeze,1
candidate,SANDERS,boston,1
candidate,CLINTON,billionaire,1
candidate,SANDERS,particularly,1
moderator,MADDOW,thousands,1
moderator,MADDOW,different,1
moderator,MADDOW,goal,1
moderator,MADDOW,administration,1
candidate,SANDERS,community,2
candidate,SANDERS,instead,1
moderator,TODD,controversy,1
candidate,CLINTON,private,1
candidate,CLINTON,idea,2
candidate,CLINTON,beyond,1
candidate,CLINTON,follow,2
candidate,SANDERS,blowing,1
candidate,CLINTON,committees,2
candidate,SANDERS,times,2
moderator,MADDOW,talk,4
candidate,CLINTON,still,1
candidate,CLINTON,here's,4
candidate,CLINTON,divide,1
candidate,SANDERS,hampshire,4
moderator,TODD,voted,1
candidate,CLINTON,brain,1
candidate,SANDERS,refrain,1
candidate,SANDERS,miss,1
candidate,CLINTON,word,1
candidate,CLINTON,region,3
candidate,CLINTON,bureau,1
candidate,CLINTON,board,1
candidate,SANDERS,allowed,1
candidate,CLINTON,africa,1
candidate,SANDERS,careful,1
candidate,SANDERS,since,3
candidate,SANDERS,third,1
candidate,CLINTON,respect,2
candidate,CLINTON,risk,2
candidate,SANDERS,democratic,4
candidate,CLINTON,court,2
candidate,SANDERS,independent,2
candidate,CLINTON,anbar,1
candidate,CLINTON,today,7
moderator,MADDOW,candidates,5
candidate,SANDERS,elections,1
moderator,TODD,election,3
candidate,SANDERS,crushing,1
candidate,SANDERS,winner-take-all,1
candidate,SANDERS,become,2
candidate,SANDERS,paranoid,2
candidate,CLINTON,situation,1
moderator,TODD,thing,1
moderator,MADDOW,killing,1
moderator,TODD,msnbc,1
candidate,SANDERS,elected,4
candidate,SANDERS,biden,1
candidate,SANDERS,long,3
candidate,CLINTON,responded,1
candidate,CLINTON,revitalization,1
candidate,SANDERS,straight,1
moderator,TODD,starting,1
candidate,SANDERS,feared,1
moderator,MADDOW,head-to-head,1
moderator,MADDOW,opportunity,1
candidate,SANDERS,battleground,1
moderator,TODD,impact,1
moderator,TODD,night,3
candidate,CLINTON,highest,1
candidate,CLINTON,corporate,1
candidate,SANDERS,example,1
candidate,SANDERS,republicans,6
moderator,MADDOW,nationwide,3
candidate,SANDERS,marathon,1
candidate,CLINTON,healthcare,5
candidate,CLINTON,toughest,1
moderator,MADDOW,rid,2
candidate,CLINTON,believe,19
candidate,SANDERS,second,5
moderator,MADDOW,obviously,2
candidate,CLINTON,named,1
moderator,TODD,best,2
moderator,TODD,rachel,3
candidate,SANDERS,there's,7
candidate,CLINTON,year,1
candidate,SANDERS,rate,1
moderator,TODD,people,1
candidate,SANDERS,effective,1
candidate,SANDERS,student,1
candidate,SANDERS,resolve,1
moderator,MADDOW,advertisement,1
moderator,MADDOW,act,1
candidate,SANDERS,tehran,1
candidate,CLINTON,universal,5
candidate,SANDERS,saudi,1
candidate,CLINTON,come,3
candidate,SANDERS,equivalent,1
moderator,TODD,refrained,1
candidate,CLINTON,sunday,1
candidate,SANDERS,enemies,1
candidate,CLINTON,explore,1
candidate,SANDERS,federal,3
candidate,CLINTON,immunity,1
moderator,MADDOW,corporations,1
candidate,CLINTON,dealers,1
candidate,SANDERS,wisdom,1
candidate,SANDERS,men,1
candidate,CLINTON,picture,1
candidate,SANDERS,clearly,4
candidate,SANDERS,army,1
candidate,SANDERS,colleges,2
candidate,SANDERS,veterans,11
candidate,CLINTON,behind,3
candidate,CLINTON,impact,1
candidate,SANDERS,much,18
candidate,SANDERS,enemy,1
candidate,SANDERS,african,1
candidate,SANDERS,broken,2
moderator,MADDOW,others,1
candidate,SANDERS,fact,9
candidate,SANDERS,pathetic,1
candidate,SANDERS,continue,2
candidate,SANDERS,rebuilding,2
moderator,MADDOW,security,3
moderator,TODD,doctrine,1
moderator,TODD,party,4
candidate,CLINTON,haunt,1
candidate,CLINTON,absolutely,15
candidate,CLINTON,late,1
candidate,CLINTON,ready,1
candidate,CLINTON,say,11
candidate,CLINTON,said,12
moderator,MADDOW,respond,1
candidate,SANDERS,bad,1
candidate,SANDERS,capita,1
candidate,SANDERS,line,4
candidate,CLINTON,house,2
candidate,SANDERS,issues,6
moderator,MADDOW,water,1
candidate,CLINTON,telling,1
candidate,CLINTON,fighting,7
moderator,MADDOW,welcome,3
candidate,CLINTON,implementing,1
moderator,MADDOW,what's,1
moderator,TODD,hillary,2
moderator,TODD,cable,1
moderator,MADDOW,closer,1
candidate,SANDERS,i'm,8
candidate,CLINTON,renegotiate,1
candidate,CLINTON,trillion,1
candidate,CLINTON,wait,4
moderator,TODD,given,1
candidate,CLINTON,get,35
candidate,CLINTON,reviews,1
candidate,SANDERS,result,1
candidate,CLINTON,call,1
moderator,TODD,tpp,2
moderator,MADDOW,union,2
candidate,SANDERS,haven't,3
candidate,SANDERS,loud,1
candidate,SANDERS,suggest,2
candidate,SANDERS,madam,2
moderator,TODD,full,1
moderator,TODD,willing,1
candidate,CLINTON,move,4
moderator,TODD,idea,1
candidate,CLINTON,putting,4
candidate,CLINTON,kind,9
candidate,SANDERS,deal,2
candidate,SANDERS,countries,5
candidate,SANDERS,dictators,1
candidate,CLINTON,bailed,1
candidate,CLINTON,trade,10
candidate,SANDERS,streak,1
moderator,MADDOW,failing,1
candidate,SANDERS,pick,1
candidate,SANDERS,coming,1
candidate,CLINTON,i'll,1
candidate,CLINTON,heinous,2
candidate,CLINTON,continuing,2
candidate,CLINTON,differences,2
candidate,SANDERS,proud,7
moderator,MADDOW,losing,1
candidate,SANDERS,soul,1
moderator,MADDOW,two,2
moderator,TODD,yet,2
candidate,SANDERS,arabia,1
candidate,CLINTON,punishment,2
moderator,MADDOW,increasing,1
candidate,SANDERS,world's,1
candidate,SANDERS,differ,1
candidate,CLINTON,exercising,1
candidate,CLINTON,firm,1
moderator,MADDOW,fees,3
candidate,CLINTON,fine,1
candidate,SANDERS,amount,1
candidate,CLINTON,half,1
moderator,TODD,open,3
candidate,SANDERS,republican,5
candidate,CLINTON,assistance,1
candidate,SANDERS,believe,22
candidate,CLINTON,theoretical,1
candidate,SANDERS,knowledge,1
candidate,SANDERS,television,1
candidate,CLINTON,race,1
candidate,CLINTON,business,1
candidate,SANDERS,hate,1
candidate,SANDERS,innocent,1
candidate,SANDERS,instances,1
moderator,TODD,countries,3
candidate,CLINTON,five,1
candidate,CLINTON,behavior,3
moderator,TODD,sort,3
moderator,TODD,narrowest,1
candidate,SANDERS,nominated,1
candidate,CLINTON,worrying,1
candidate,CLINTON,prove,1
candidate,CLINTON,email,1
candidate,CLINTON,arab,1
candidate,SANDERS,research,1
moderator,TODD,sneak,1
moderator,MADDOW,history,1
moderator,MADDOW,michigan,5
moderator,TODD,korea,2
candidate,CLINTON,iraq,3
moderator,MADDOW,follow,1
candidate,CLINTON,waited,1
candidate,CLINTON,classifications,1
candidate,SANDERS,grijalva,1
candidate,SANDERS,comprehensive,3
candidate,CLINTON,could,10
candidate,SANDERS,eight,1
candidate,SANDERS,doubled,1
moderator,TODD,change,1
candidate,CLINTON,inequality,3
moderator,TODD,they're,2
moderator,MADDOW,republicans,2
candidate,SANDERS,win,6
candidate,SANDERS,look,6
candidate,SANDERS,dozen,2
moderator,MADDOW,problems,2
candidate,CLINTON,lays,1
candidate,CLINTON,baltics,1
candidate,SANDERS,say,17
moderator,TODD,deal,2
candidate,CLINTON,getting,2
moderator,TODD,nominee,1
candidate,CLINTON,statement,1
candidate,CLINTON,policy,1
candidate,SANDERS,sound,1
candidate,CLINTON,control,1
candidate,CLINTON,inroads,1
candidate,SANDERS,universities,2
candidate,CLINTON,table,2
candidate,CLINTON,ghani,1
candidate,SANDERS,longer,5
candidate,CLINTON,met,1
moderator,TODD,threats,1
candidate,CLINTON,made,3
candidate,CLINTON,people,34
candidate,CLINTON,racism,2
moderator,TODD,office,1
candidate,CLINTON,consumer,1
candidate,SANDERS,family,2
candidate,SANDERS,unbelievable,1
candidate,SANDERS,zero,3
moderator,MADDOW,best,1
moderator,TODD,promise,1
candidate,CLINTON,honest,1
candidate,SANDERS,contribute,1
moderator,TODD,universal,1
candidate,SANDERS,opportunity,1
candidate,SANDERS,game,1
candidate,CLINTON,haven't,1
candidate,SANDERS,people's,1
candidate,SANDERS,territory,1
candidate,SANDERS,charge,1
candidate,CLINTON,emergency,1
candidate,SANDERS,seven,3
moderator,MADDOW,fast,1
candidate,SANDERS,sometimes,2
candidate,SANDERS,quagmire,1
moderator,MADDOW,debate,3
candidate,CLINTON,citizens,1
moderator,MADDOW,december,1
moderator,TODD,proactively,1
moderator,MADDOW,role,2
candidate,SANDERS,prepared,2
candidate,CLINTON,worked,5
moderator,TODD,matters,1
candidate,SANDERS,medicine,1
moderator,MADDOW,issues,5
moderator,MADDOW,fixed,1
moderator,TODD,that's,3
candidate,CLINTON,streak,1
candidate,CLINTON,agreements,2
candidate,CLINTON,repeal,1
moderator,MADDOW,left,1
moderator,TODD,she's,1
candidate,CLINTON,lives,1
candidate,SANDERS,sums,2
candidate,CLINTON,ensure,1
moderator,TODD,respond,2
candidate,SANDERS,experience,2
candidate,CLINTON,know,55
candidate,CLINTON,focused,2
candidate,SANDERS,senate,5
moderator,MADDOW,particularly,1
moderator,MADDOW,door,2
moderator,TODD,reorienting,1
candidate,SANDERS,certain,2
candidate,CLINTON,troops,4
moderator,MADDOW,could,4
candidate,SANDERS,individual,2
candidate,SANDERS,thought,2
candidate,SANDERS,commits,2
moderator,TODD,decades,1
candidate,CLINTON,general,1
candidate,CLINTON,europe,1
moderator,TODD,difference,1
candidate,SANDERS,minority,1
candidate,CLINTON,iranian,4
moderator,MADDOW,sent,1
candidate,CLINTON,post-world,1
candidate,SANDERS,belongs,1
candidate,CLINTON,intensify,1
candidate,CLINTON,partner,2
moderator,MADDOW,families,1
candidate,CLINTON,services,1
candidate,CLINTON,responsible,1
candidate,SANDERS,big,5
candidate,SANDERS,path,1
candidate,CLINTON,normalize,1
candidate,CLINTON,sunni,1
candidate,CLINTON,conflict,1
candidate,CLINTON,started,1
moderator,MADDOW,antiwar,1
candidate,CLINTON,progressivism,1
candidate,CLINTON,voting,2
candidate,CLINTON,clean,3
candidate,SANDERS,hope,3
candidate,CLINTON,belligerence,1
candidate,SANDERS,nuclear,3
candidate,CLINTON,collected,1
candidate,SANDERS,spiral,1
candidate,SANDERS,collapse,1
candidate,CLINTON,elements,1
candidate,SANDERS,substantially,1
moderator,MADDOW,excited,2
candidate,CLINTON,holders,1
candidate,SANDERS,weak,1
candidate,CLINTON,power,7
candidate,SANDERS,rocket,1
moderator,MADDOW,end,1
candidate,SANDERS,gives,1
moderator,TODD,feeling,1
candidate,CLINTON,stood,6
candidate,CLINTON,signed,2
candidate,CLINTON,equal,1
candidate,CLINTON,american,8
candidate,CLINTON,ads,2
candidate,CLINTON,created,1
moderator,MADDOW,row,1
candidate,SANDERS,sachs,3
candidate,CLINTON,earn,2
candidate,CLINTON,job,5
candidate,SANDERS,newspaper,3
moderator,MADDOW,trail,1
candidate,CLINTON,greatest,1
candidate,CLINTON,missile,2
candidate,SANDERS,administration,1
candidate,CLINTON,raft,1
moderator,MADDOW,stage,1
moderator,MADDOW,also,5
moderator,MADDOW,hampshire,7
candidate,CLINTON,problem,2
candidate,CLINTON,succeed,1
candidate,SANDERS,lobbying,2
candidate,SANDERS,iraq,6
candidate,CLINTON,jump,1
candidate,CLINTON,disagreement,3
candidate,CLINTON,vice,1
moderator,TODD,follow,1
candidate,SANDERS,investors,1
moderator,TODD,monday's,1
candidate,SANDERS,creates,1
candidate,SANDERS,hour,2
candidate,CLINTON,effects,1
moderator,TODD,achievable,1
candidate,SANDERS,behind,1
candidate,SANDERS,titles,1
moderator,MADDOW,made,3
moderator,MADDOW,federal,3
moderator,MADDOW,hear,1
candidate,CLINTON,depth,1
candidate,CLINTON,wall,10
candidate,CLINTON,steps,1
candidate,CLINTON,supporting,1
candidate,CLINTON,workers,2
candidate,CLINTON,deregulate,2
moderator,TODD,taken,1
candidate,SANDERS,who's,1
candidate,SANDERS,taliban,1
candidate,CLINTON,lead,3
candidate,CLINTON,dollars,1
candidate,CLINTON,struggles,1
candidate,SANDERS,pressure,2
candidate,CLINTON,home,2
candidate,SANDERS,antiquated,2
moderator,TODD,super,1
candidate,CLINTON,strongest,1
candidate,SANDERS,care,10
moderator,TODD,iowa,4
candidate,CLINTON,adversaries,1
candidate,CLINTON,want,39
candidate,SANDERS,i'd,1
moderator,TODD,understand,1
candidate,CLINTON,independents,1
moderator,TODD,run,1
candidate,CLINTON,labels,1
candidate,CLINTON,time,11
candidate,SANDERS,guys,2
candidate,SANDERS,bermuda,1
candidate,CLINTON,let's,13
candidate,CLINTON,kids,3
moderator,MADDOW,parts,1
moderator,TODD,different,1
moderator,TODD,though,1
candidate,SANDERS,within,1
moderator,MADDOW,progressive,5
moderator,MADDOW,learn,1
moderator,MADDOW,running,2
candidate,SANDERS,history,3
candidate,SANDERS,groups,1
moderator,TODD,walk,1
moderator,MADDOW,come,1
candidate,CLINTON,town,1
candidate,SANDERS,campaigns,1
moderator,MADDOW,days,1
moderator,MADDOW,madam,1
candidate,SANDERS,worst,2
candidate,SANDERS,ripping,1
candidate,SANDERS,transformational,1
candidate,CLINTON,oh,1
moderator,MADDOW,terms,1
candidate,CLINTON,experts,4
moderator,MADDOW,straight,1
candidate,SANDERS,engage,1
candidate,SANDERS,next,2
candidate,SANDERS,stage,1
candidate,SANDERS,you're,3
candidate,SANDERS,hopefully,2
moderator,MADDOW,holding,1
candidate,CLINTON,sent,1
candidate,CLINTON,convince,1
moderator,TODD,handled,1
moderator,TODD,think,8
moderator,MADDOW,wall,5
candidate,CLINTON,nothing,1
candidate,CLINTON,streamline,1
candidate,CLINTON,barney,1
candidate,CLINTON,disagreements,1
moderator,MADDOW,democrats,8
moderator,MADDOW,campaigning,1
candidate,SANDERS,white,3
candidate,SANDERS,determined,1
candidate,SANDERS,handle,1
candidate,SANDERS,activity,1
candidate,CLINTON,planned,1
candidate,CLINTON,probably,1
candidate,CLINTON,values,2
moderator,TODD,iran,2
candidate,SANDERS,supported,2
moderator,MADDOW,business,4
moderator,MADDOW,specifically,1
moderator,TODD,margins,1
moderator,TODD,climate,1
candidate,SANDERS,said,21
moderator,MADDOW,electric,1
candidate,CLINTON,cast,1
candidate,CLINTON,constrain,1
candidate,CLINTON,bad,2
moderator,MADDOW,see,2
candidate,SANDERS,key,2
candidate,SANDERS,suburban,1
candidate,SANDERS,debate,1
candidate,SANDERS,fuel,1
moderator,MADDOW,taking,2
candidate,CLINTON,military,3
moderator,MADDOW,across,1
candidate,CLINTON,path,4
candidate,CLINTON,country,9
moderator,TODD,hampshire,2
candidate,SANDERS,barbaric,2
candidate,CLINTON,agenda,6
candidate,SANDERS,every,6
candidate,SANDERS,supreme,1
moderator,MADDOW,clear,1
moderator,MADDOW,deployments,1
candidate,SANDERS,politically,1
candidate,SANDERS,never,8
candidate,SANDERS,november,1
candidate,CLINTON,ii,1
candidate,CLINTON,bottom,1
candidate,CLINTON,right,10
candidate,CLINTON,company,1
moderator,TODD,numbers,1
moderator,TODD,say,4
candidate,CLINTON,guaranteeing,1
candidate,SANDERS,attack,1
candidate,CLINTON,carried,2
candidate,CLINTON,comprehensive,2
moderator,MADDOW,disaster,1
candidate,SANDERS,exactly,2
candidate,CLINTON,top-to-bottom,1
candidate,SANDERS,defeating,2
candidate,CLINTON,russia,2
candidate,CLINTON,invitation,1
candidate,CLINTON,limited,1
candidate,SANDERS,goes,2
candidate,SANDERS,held,1
moderator,TODD,afghanistan,6
candidate,CLINTON,hang,1
candidate,SANDERS,poland,1
candidate,SANDERS,deregulated,1
moderator,TODD,positions,1
moderator,MADDOW,seat,1
candidate,SANDERS,communists,1
candidate,SANDERS,type,1
candidate,SANDERS,committee,6
candidate,CLINTON,adds,1
candidate,SANDERS,agrees,2
candidate,SANDERS,corruption,2
candidate,CLINTON,consequence,1
candidate,CLINTON,comments,3
candidate,CLINTON,glad,1
candidate,CLINTON,passed,2
moderator,MADDOW,single,2
candidate,SANDERS,less,1
candidate,SANDERS,investor,1
moderator,TODD,staying,2
candidate,SANDERS,commercial,1
candidate,CLINTON,prescription,2
candidate,CLINTON,concerned,1
candidate,SANDERS,invest,1
candidate,SANDERS,feeling,1
moderator,MADDOW,government,6
candidate,SANDERS,captains,1
candidate,CLINTON,root,1
candidate,CLINTON,predict,1
candidate,SANDERS,affordable,2
candidate,SANDERS,represent,4
moderator,TODD,neither,1
moderator,MADDOW,bill,1
candidate,SANDERS,th,1
moderator,TODD,make,4
candidate,SANDERS,backs,1
candidate,CLINTON,led,1
moderator,MADDOW,favor,1
candidate,CLINTON,changes,4
moderator,MADDOW,fate,1
moderator,MADDOW,wishes,1
candidate,SANDERS,capabilities,1
moderator,TODD,advisers,1
candidate,CLINTON,racial,1
moderator,TODD,nafta,1
candidate,CLINTON,taking,2
candidate,CLINTON,redundant,1
moderator,MADDOW,statements,1
candidate,SANDERS,way,20
candidate,CLINTON,talk,14
candidate,SANDERS,saddam,1
moderator,MADDOW,squared,1
moderator,MADDOW,general,6
moderator,TODD,register,1
candidate,CLINTON,fueled,1
candidate,CLINTON,powell,3
moderator,MADDOW,leaning,1
candidate,CLINTON,safety,1
candidate,CLINTON,things,8
candidate,SANDERS,losing,1
candidate,SANDERS,significantly,2
candidate,CLINTON,turns,1
candidate,SANDERS,explain,1
moderator,TODD,come,2
candidate,CLINTON,clear,6
candidate,SANDERS,point,9
moderator,TODD,helping,1
candidate,SANDERS,also,4
candidate,CLINTON,caused,1
