moderator,KELLY,disgusting,1
moderator,KELLY,iraq,1
moderator,WALLACE,positions,2
candidate,PAUL,terrorists,1
candidate,CARSON,time,1
moderator,BAIER,hawks,1
candidate,HUCKABEE,protection,1
candidate,BUSH,rather,1
candidate,WALKER,border,4
moderator,WALLACE,position,1
candidate,TRUMP,build,2
candidate,BUSH,driver,1
moderator,BAIER,replaced,1
moderator,KELLY,major,1
candidate,BUSH,think,1
candidate,CARSON,wasn't,1
candidate,TRUMP,became,1
moderator,KELLY,study,1
candidate,BUSH,relates,1
candidate,HUCKABEE,recognize,1
candidate,BUSH,effectively,1
candidate,RUBIO,legally,1
moderator,KELLY,brothers,1
candidate,KASICH,purpose,1
candidate,WALKER,southern,1
moderator,WALLACE,term,1
moderator,KELLY,gentlemen,2
candidate,PAUL,flash,2
moderator,KELLY,dictator,1
candidate,TRUMP,keep,1
moderator,KELLY,chair,1
moderator,BAIER,voting,1
moderator,WALLACE,explain,2
candidate,TRUMP,mind,2
moderator,BAIER,hands,1
candidate,RUBIO,clinton,1
candidate,RUBIO,call,1
moderator,BAIER,might,3
moderator,WALLACE,jeb,1
candidate,KASICH,bring,1
candidate,WALKER,saudi,1
candidate,BUSH,said,2
candidate,TRUMP,well,2
candidate,KASICH,treating,1
candidate,BUSH,iraq,1
moderator,KELLY,raise,1
moderator,BAIER,texas,1
candidate,HUCKABEE,know,2
candidate,WALKER,well,1
moderator,WALLACE,politics,1
candidate,RUBIO,lawyer,1
candidate,CHRISTIE,something,1
moderator,WALLACE,it's,3
moderator,KELLY,people,2
candidate,WALKER,behind,1
candidate,RUBIO,get,1
moderator,KELLY,records,2
candidate,RUBIO,things,2
moderator,WALLACE,evidence,4
candidate,TRUMP,california,1
candidate,RUBIO,despite,1
candidate,TRUMP,ask,1
moderator,WALLACE,san,1
moderator,BAIER,runs,1
moderator,BAIER,enthusiastic,1
candidate,CHRISTIE,safety,1
candidate,KASICH,i'd,1
candidate,BUSH,period,1
candidate,TRUMP,hard,1
candidate,HUCKABEE,real,1
candidate,KASICH,make,1
candidate,CARSON,correct,2
candidate,CRUZ,never,1
candidate,CRUZ,islamic,3
moderator,WALLACE,illegals,1
candidate,CHRISTIE,bush,1
candidate,RUBIO,keep,1
candidate,KASICH,they're,3
candidate,WALKER,leader,1
candidate,RUBIO,resume,2
moderator,WALLACE,according,2
candidate,CHRISTIE,air,1
moderator,BAIER,say,4
moderator,WALLACE,congress,1
candidate,CARSON,order,1
candidate,PAUL,send,1
moderator,BAIER,thing,1
moderator,BAIER,tonight,10
candidate,CHRISTIE,senate,1
candidate,TRUMP,nominee,2
moderator,WALLACE,john,1
moderator,KELLY,made,1
candidate,CHRISTIE,new,2
candidate,TRUMP,see,1
candidate,CRUZ,striking,1
moderator,BAIER,take,1
candidate,KASICH,billion,5
moderator,KELLY,asked,1
moderator,KELLY,attack,2
moderator,BAIER,know,1
candidate,RUBIO,office,2
moderator,BAIER,governor,3
candidate,CRUZ,answer,1
moderator,KELLY,accused,1
moderator,WALLACE,here's,1
moderator,BAIER,almost,1
candidate,TRUMP,can't,1
candidate,CRUZ,go,2
moderator,WALLACE,chris,1
moderator,WALLACE,mitch,1
moderator,KELLY,live,1
candidate,CHRISTIE,hot,1
candidate,BUSH,maybe,1
candidate,CARSON,back,1
candidate,CRUZ,world,1
moderator,KELLY,nominee,1
moderator,KELLY,want,5
candidate,TRUMP,fully,2
candidate,RUBIO,illegal,1
moderator,BAIER,polls,1
moderator,BAIER,they've,2
moderator,WALLACE,feed,1
candidate,PAUL,don't,1
moderator,BAIER,james,1
moderator,WALLACE,seconds,3
candidate,PAUL,run,1
moderator,KELLY,families,1
candidate,KASICH,gain,1
moderator,BAIER,ben,1
moderator,KELLY,heaven,1
moderator,KELLY,invoking,1
candidate,WALKER,everyday,1
candidate,RUBIO,set,1
moderator,KELLY,collection,2
candidate,TRUMP,i've,4
candidate,BUSH,agreement,1
candidate,CRUZ,politicians,1
candidate,PAUL,fourth,3
candidate,CRUZ,someone,2
moderator,BAIER,rate,1
candidate,TRUMP,system,2
moderator,WALLACE,gop,1
moderator,KELLY,successful,1
moderator,BAIER,paul,3
moderator,BAIER,whatever,1
moderator,KELLY,kelly,1
candidate,KASICH,us,2
candidate,KASICH,people,5
candidate,WALKER,obama-clinton,1
moderator,BAIER,nine,1
candidate,WALKER,lifetime,1
candidate,WALKER,four,1
candidate,CRUZ,along,2
moderator,KELLY,scott,1
candidate,TRUMP,given,2
moderator,KELLY,percent,1
candidate,TRUMP,that's,3
moderator,WALLACE,welcome,1
candidate,KASICH,government,1
candidate,RUBIO,hillary,2
candidate,PAUL,hedging,2
candidate,WALKER,set,1
candidate,CRUZ,trillion,1
moderator,KELLY,point,1
candidate,KASICH,washington,1
candidate,PAUL,see,1
moderator,WALLACE,republican,3
moderator,BAIER,arena,1
moderator,WALLACE,let's,1
candidate,TRUMP,cunning,1
candidate,CRUZ,department,1
candidate,TRUMP,crime,1
moderator,WALLACE,impose,1
candidate,PAUL,proposal,1
candidate,PAUL,runs,1
candidate,WALKER,families,1
candidate,TRUMP,murders,1
candidate,TRUMP,what's,1
candidate,CHRISTIE,completely,1
candidate,HUCKABEE,parts,2
moderator,KELLY,basic,1
candidate,BUSH,husband,1
candidate,RUBIO,would,1
candidate,CARSON,megyn,1
moderator,WALLACE,ago,2
candidate,RUBIO,system,2
candidate,TRUMP,get,1
candidate,CHRISTIE,actually,2
candidate,CRUZ,far,1
moderator,KELLY,another,1
candidate,CHRISTIE,regulation,1
moderator,WALLACE,immigrants,1
candidate,PAUL,records,4
candidate,WALKER,that's,3
candidate,BUSH,fix,1
moderator,KELLY,suggested,1
moderator,BAIER,anything,1
candidate,WALKER,consistently,1
moderator,BAIER,experts,1
candidate,TRUMP,age,2
candidate,KASICH,get,2
candidate,HUCKABEE,rip,1
candidate,BUSH,vetoed,1
candidate,WALKER,arab,1
candidate,WALKER,listened,2
moderator,WALLACE,questions,6
moderator,KELLY,subject,1
moderator,WALLACE,thirty,1
candidate,KASICH,hasn't,1
candidate,TRUMP,new,2
candidate,PAUL,clinton,2
moderator,KELLY,slobs,1
candidate,CRUZ,washington,2
moderator,KELLY,one,3
candidate,WALKER,listen,1
candidate,BUSH,deal,3
moderator,WALLACE,disagreeing,1
moderator,BAIER,it's,1
moderator,WALLACE,specific,2
candidate,CHRISTIE,apologies,1
moderator,WALLACE,advantage,1
candidate,CHRISTIE,came,1
candidate,BUSH,applied,1
moderator,WALLACE,state,1
candidate,PAUL,here's,3
moderator,KELLY,chiefs,1
candidate,KASICH,decent,1
candidate,BUSH,wouldn't,1
candidate,BUSH,florida,3
candidate,KASICH,taxes,1
candidate,RUBIO,across,1
moderator,WALLACE,know,2
candidate,RUBIO,changes,1
moderator,KELLY,boarding,1
candidate,PAUL,enemies,1
candidate,PAUL,worth,1
moderator,KELLY,costing,1
candidate,WALKER,messed,1
candidate,CARSON,information,1
candidate,KASICH,medication,1
candidate,CARSON,win,1
moderator,WALLACE,marriage,1
candidate,TRUMP,totally,2
candidate,RUBIO,otherwise,1
candidate,PAUL,buys,1
moderator,KELLY,question,3
moderator,BAIER,series,1
moderator,KELLY,deposed,1
moderator,KELLY,instead,1
moderator,KELLY,rue,1
candidate,WALKER,support,1
moderator,WALLACE,criminals,4
candidate,WALKER,additional,1
candidate,CRUZ,majority,1
candidate,RUBIO,nominee,3
candidate,KASICH,getting,2
moderator,BAIER,you're,4
candidate,TRUMP,drugs,2
candidate,WALKER,problems,1
moderator,KELLY,chris,1
moderator,BAIER,don't,1
moderator,WALLACE,american,2
candidate,BUSH,hard,2
candidate,CHRISTIE,ninety-two,1
moderator,KELLY,lot,2
moderator,BAIER,quick,1
moderator,BAIER,standing,1
candidate,CRUZ,susceptible,1
moderator,KELLY,blame,1
candidate,PAUL,john,1
moderator,WALLACE,lot,1
candidate,CHRISTIE,trade,2
moderator,WALLACE,submitted,2
candidate,CHRISTIE,exactly,1
candidate,PAUL,fighting,2
moderator,KELLY,thank,1
moderator,KELLY,welcome,1
candidate,CHRISTIE,subcommittee,1
candidate,HUCKABEE,planned,1
candidate,CRUZ,don't,3
candidate,HUCKABEE,pro-life,1
candidate,HUCKABEE,constitution,1
candidate,PAUL,first,1
candidate,KASICH,prison,1
candidate,TRUMP,canada,1
moderator,KELLY,pigs,1
candidate,CARSON,geneva,1
moderator,WALLACE,immigration,9
candidate,KASICH,hole,2
candidate,BUSH,certainly,1
candidate,TRUMP,wins,1
moderator,WALLACE,leaders,3
candidate,TRUMP,companies,1
moderator,WALLACE,divisive,1
moderator,BAIER,without,1
candidate,KASICH,percent,2
candidate,HUCKABEE,womb,1
moderator,KELLY,signed,2
moderator,BAIER,looking,2
candidate,TRUMP,kidding,1
candidate,RUBIO,process,1
candidate,TRUMP,east,2
candidate,RUBIO,here's,1
candidate,TRUMP,talk,1
candidate,RUBIO,tonight,2
candidate,RUBIO,countries,1
moderator,KELLY,country,2
moderator,BAIER,federal,1
candidate,PAUL,system,2
candidate,TRUMP,discussing,1
candidate,PAUL,still,1
candidate,TRUMP,single,1
candidate,KASICH,frustrated,1
candidate,TRUMP,cannot,1
moderator,WALLACE,cities,1
candidate,BUSH,long,1
moderator,WALLACE,love,1
moderator,WALLACE,please,1
moderator,BAIER,repealed,1
candidate,CRUZ,act,1
candidate,CRUZ,kate's,3
moderator,KELLY,comes,1
candidate,RUBIO,lives,1
candidate,CARSON,carson,2
moderator,BAIER,begin,1
moderator,BAIER,support,2
candidate,BUSH,here's,1
moderator,KELLY,exception,2
candidate,CRUZ,united,1
moderator,WALLACE,shot,1
candidate,RUBIO,owed,1
candidate,WALKER,american,2
candidate,CRUZ,winning,1
candidate,RUBIO,people's,1
candidate,BUSH,one,4
moderator,WALLACE,running,1
candidate,WALKER,position,3
candidate,PAUL,depravity,1
candidate,TRUMP,world,1
moderator,WALLACE,returns,1
candidate,BUSH,indiana,1
moderator,KELLY,get,4
candidate,RUBIO,million,1
moderator,KELLY,president,4
moderator,WALLACE,escaped,1
moderator,KELLY,rationale,1
candidate,PAUL,side,1
candidate,CARSON,talk,1
candidate,CARSON,creativity,1
candidate,WALKER,president,1
moderator,BAIER,finances,1
candidate,RUBIO,people,6
candidate,BUSH,governor,1
moderator,BAIER,last,2
moderator,BAIER,father's,1
moderator,BAIER,blame,1
candidate,WALKER,child,2
candidate,TRUMP,big,4
candidate,KASICH,trump,4
candidate,CARSON,arenas,1
candidate,BUSH,aaa,1
candidate,CHRISTIE,liberties,1
candidate,BUSH,local,1
candidate,CRUZ,illegally,1
moderator,BAIER,said,4
moderator,BAIER,questions,2
candidate,CRUZ,pass,1
moderator,WALLACE,nothing,1
moderator,KELLY,interesting,1
moderator,WALLACE,held,1
moderator,WALLACE,someone,1
candidate,WALKER,israel,2
candidate,BUSH,better,1
moderator,KELLY,opposing,1
moderator,WALLACE,act,2
candidate,BUSH,remember,2
candidate,KASICH,across,1
moderator,KELLY,presidential,1
candidate,WALKER,parenthood,2
moderator,WALLACE,job,1
candidate,TRUMP,jeb,1
candidate,BUSH,principles,1
candidate,CRUZ,candidates,1
candidate,CRUZ,let,1
candidate,CHRISTIE,billion,3
candidate,HUCKABEE,even,1
candidate,CRUZ,ground,1
candidate,CARSON,work,1
candidate,PAUL,you're,2
moderator,WALLACE,quote,1
moderator,KELLY,unfamiliar,1
candidate,WALKER,something,1
candidate,PAUL,fought,2
moderator,KELLY,order,1
moderator,KELLY,along,2
candidate,CRUZ,signing,1
candidate,CHRISTIE,less,1
candidate,BUSH,sure,1
candidate,RUBIO,also,1
candidate,CARSON,know,2
moderator,KELLY,megyn,1
candidate,PAUL,warrants,1
candidate,KASICH,making,1
moderator,WALLACE,hold,1
moderator,KELLY,rejected,1
moderator,WALLACE,night,1
candidate,BUSH,run,3
candidate,PAUL,isis,8
candidate,BUSH,went,2
candidate,RUBIO,gets,1
candidate,CARSON,believe,3
candidate,CRUZ,many,2
candidate,BUSH,line-items,1
moderator,KELLY,course,1
candidate,BUSH,however,1
candidate,BUSH,talking,1
candidate,WALKER,show,1
candidate,CRUZ,know,1
candidate,KASICH,drug-addicted,1
candidate,KASICH,surplus,1
candidate,BUSH,suffer,1
candidate,TRUMP,win,5
candidate,BUSH,disposal,1
moderator,WALLACE,says,2
candidate,CHRISTIE,appointed,1
candidate,PAUL,responsible,2
candidate,WALKER,stand,1
candidate,TRUMP,york,1
candidate,TRUMP,mexico,2
moderator,KELLY,event,1
moderator,KELLY,security,1
moderator,BAIER,single,1
moderator,BAIER,simple,1
candidate,CARSON,us,1
moderator,BAIER,economy,1
candidate,WALKER,chris,1
candidate,RUBIO,said,1
candidate,CHRISTIE,predecessor,1
candidate,KASICH,wall,1
candidate,RUBIO,tracking,1
candidate,BUSH,lives,1
candidate,CRUZ,apologist,1
moderator,BAIER,jersey,2
moderator,WALLACE,path,2
candidate,BUSH,difficult,1
moderator,BAIER,rise,1
candidate,PAUL,spark,1
candidate,KASICH,chief,1
candidate,CRUZ,debt,1
candidate,WALKER,wages,1
moderator,KELLY,exchange,1
moderator,WALLACE,stage,1
moderator,KELLY,banning,1
candidate,BUSH,done,2
moderator,KELLY,terror,2
moderator,WALLACE,ask,2
candidate,BUSH,country,1
candidate,PAUL,led,1
candidate,RUBIO,kasich,1
moderator,WALLACE,huckabee,1
candidate,KASICH,illegal,1
candidate,PAUL,hey,1
candidate,BUSH,blood,1
moderator,KELLY,senator,3
candidate,TRUMP,iraq,1
moderator,BAIER,nominee,2
candidate,RUBIO,transformed,1
candidate,TRUMP,treated,1
moderator,KELLY,chairman,1
moderator,WALLACE,call,1
candidate,CHRISTIE,system,1
candidate,RUBIO,couple,1
candidate,CRUZ,absolutely,1
candidate,RUBIO,party,1
candidate,TRUMP,correct,2
moderator,KELLY,assign,1
candidate,BUSH,became,1
candidate,TRUMP,pay,1
moderator,KELLY,congress,1
candidate,BUSH,majority,1
moderator,KELLY,died,1
moderator,BAIER,management,1
candidate,WALKER,know,1
candidate,CRUZ,terrorist,1
candidate,TRUMP,quickly,1
candidate,WALKER,life,1
moderator,KELLY,expansion,1
candidate,TRUMP,coming,1
moderator,KELLY,shrink,1
moderator,BAIER,understand,1
candidate,CRUZ,clear,1
candidate,PAUL,well,1
candidate,CHRISTIE,job,1
candidate,CARSON,could,1
candidate,TRUMP,whether,1
candidate,CRUZ,asked,1
candidate,RUBIO,deal,1
candidate,PAUL,case,1
moderator,WALLACE,repeatedly,1
candidate,BUSH,bond,1
candidate,TRUMP,scotland,1
moderator,KELLY,record,2
candidate,WALKER,borders,1
candidate,RUBIO,issues,3
candidate,CHRISTIE,balanced,1
candidate,CHRISTIE,american,2
candidate,BUSH,every,6
moderator,KELLY,dogs,1
candidate,BUSH,eliminate,1
candidate,WALKER,ago,1
moderator,KELLY,chose,1
candidate,WALKER,gulf,1
moderator,KELLY,partners,1
candidate,RUBIO,honduras,1
candidate,CRUZ,globe,1
candidate,BUSH,overstay,1
moderator,WALLACE,facebook,5
candidate,CRUZ,supported,2
candidate,KASICH,tune,1
moderator,KELLY,far,1
candidate,PAUL,wrong,3
moderator,WALLACE,nearly,1
candidate,CRUZ,respect,1
candidate,TRUMP,middle,2
moderator,WALLACE,presidential,1
moderator,BAIER,that's,1
moderator,WALLACE,number,2
moderator,BAIER,blamed,1
candidate,CARSON,understood,1
candidate,WALKER,throughout,1
moderator,BAIER,oval,1
candidate,CRUZ,said,4
moderator,BAIER,later,1
moderator,BAIER,garden,1
moderator,KELLY,aren't,1
candidate,KASICH,lowest,1
moderator,WALLACE,two,2
candidate,TRUMP,you'd,1
candidate,KASICH,emergency,1
candidate,KASICH,addictions,1
candidate,BUSH,obama,2
moderator,BAIER,issues,1
moderator,KELLY,face,1
candidate,PAUL,trust,1
candidate,HUCKABEE,fourteenth,1
moderator,WALLACE,five-year,1
candidate,BUSH,legal,3
moderator,BAIER,race,1
candidate,CRUZ,defeat,1
candidate,CRUZ,great,1
moderator,BAIER,saying,2
moderator,BAIER,time,1
moderator,WALLACE,weeks,1
moderator,KELLY,animals,1
moderator,BAIER,primary,1
candidate,WALKER,greatest,1
candidate,BUSH,jeb,1
moderator,KELLY,donald,1
moderator,WALLACE,better,2
moderator,BAIER,unidentified,1
moderator,BAIER,want,2
candidate,BUSH,people,6
candidate,CHRISTIE,responsible,2
candidate,WALKER,legal,1
moderator,BAIER,several,2
candidate,KASICH,program,1
candidate,PAUL,it's,1
candidate,RUBIO,senate,1
candidate,TRUMP,person,2
moderator,WALLACE,except,1
candidate,RUBIO,year,1
moderator,KELLY,alright,3
candidate,KASICH,well,1
moderator,KELLY,users,1
candidate,CRUZ,long,1
moderator,KELLY,thousands,1
candidate,CRUZ,party,1
candidate,KASICH,costs,2
moderator,BAIER,office,1
moderator,KELLY,isn't,1
candidate,RUBIO,speaker,1
candidate,CRUZ,blocked,1
candidate,RUBIO,chris,1
moderator,WALLACE,federal,1
candidate,WALKER,united,1
moderator,BAIER,get,2
candidate,RUBIO,country,4
candidate,RUBIO,gonna,4
candidate,WALKER,we've,1
candidate,BUSH,e-verify,1
candidate,HUCKABEE,dna,1
candidate,PAUL,i'm,3
candidate,HUCKABEE,actually,1
moderator,WALLACE,stupid,2
moderator,KELLY,women,3
moderator,WALLACE,gentlemen,1
moderator,KELLY,mike,1
moderator,BAIER,credit,1
candidate,HUCKABEE,amendment,2
moderator,BAIER,ago,2
moderator,BAIER,can't,3
candidate,BUSH,die,2
moderator,WALLACE,reach,1
candidate,PAUL,know,1
candidate,RUBIO,four,1
candidate,BUSH,taxes,1
candidate,KASICH,we're,3
candidate,PAUL,create,1
candidate,CHRISTIE,court,1
moderator,BAIER,stage,3
candidate,KASICH,tsunami,1
moderator,KELLY,stage,3
candidate,PAUL,fundamentally,1
candidate,CRUZ,always,1
candidate,RUBIO,simply,1
candidate,WALKER,others,1
moderator,KELLY,hit,1
candidate,BUSH,barack,2
candidate,CHRISTIE,half,2
moderator,KELLY,they've,1
moderator,WALLACE,tell,1
candidate,CHRISTIE,folks,1
moderator,KELLY,candidates,3
candidate,CRUZ,change,2
candidate,TRUMP,private,1
candidate,TRUMP,maybe,1
moderator,BAIER,government,1
candidate,RUBIO,today,2
moderator,BAIER,somewhere,2
candidate,RUBIO,else,1
moderator,WALLACE,legal,1
candidate,CRUZ,ain't,1
candidate,BUSH,isis,2
candidate,TRUMP,exception,1
moderator,KELLY,cleveland,1
moderator,BAIER,make,4
moderator,WALLACE,also,1
candidate,TRUMP,knew,1
candidate,BUSH,week,1
candidate,RUBIO,illegally,1
moderator,BAIER,state's,1
moderator,WALLACE,thank,1
candidate,TRUMP,i'm,9
candidate,TRUMP,illegal,1
moderator,WALLACE,conversation,1
candidate,CARSON,fighting,2
candidate,CARSON,hard,1
moderator,WALLACE,changed,2
candidate,RUBIO,either,1
candidate,TRUMP,many,2
candidate,CARSON,innovation,1
moderator,KELLY,pretty,1
moderator,BAIER,party,2
candidate,BUSH,balanced,1
candidate,BUSH,intelligence,1
candidate,RUBIO,amazon,1
candidate,CHRISTIE,ridiculous,1
moderator,BAIER,believe,1
candidate,CRUZ,warrant,1
candidate,CARSON,politicians,1
candidate,WALKER,great,1
moderator,KELLY,life,3
candidate,HUCKABEE,protect,1
candidate,CARSON,right,1
moderator,KELLY,wanna,2
candidate,CARSON,wars,3
candidate,RUBIO,prevent,1
moderator,KELLY,jeb,1
candidate,WALKER,amnesty,1
candidate,WALKER,abbott,1
moderator,BAIER,top,2
moderator,KELLY,questioner,1
candidate,KASICH,see,2
candidate,PAUL,created,1
candidate,TRUMP,go,1
candidate,CHRISTIE,remember,2
candidate,CHRISTIE,still,1
candidate,CARSON,behind,1
candidate,RUBIO,serious,1
candidate,CRUZ,back,1
candidate,WALKER,go,1
candidate,CRUZ,travels,1
moderator,WALLACE,plus,1
candidate,KASICH,know,3
candidate,CRUZ,commitments,1
moderator,WALLACE,constitutional,2
moderator,WALLACE,steinle's,1
moderator,KELLY,billion,1
moderator,BAIER,man,1
candidate,CRUZ,courage,1
candidate,CRUZ,yes,2
moderator,KELLY,months,2
moderator,KELLY,techniques,1
candidate,WALKER,deal,1
moderator,BAIER,policies,1
candidate,PAUL,party's,1
moderator,WALLACE,turning,1
moderator,KELLY,ahead,2
candidate,RUBIO,last,1
candidate,RUBIO,got,1
candidate,CHRISTIE,enormously,1
moderator,WALLACE,enough,1
candidate,RUBIO,thank,1
moderator,WALLACE,issues,2
moderator,KELLY,likely,1
candidate,BUSH,i've,2
moderator,WALLACE,year,1
moderator,KELLY,kept,1
candidate,PAUL,proud,1
moderator,WALLACE,safe,1
moderator,KELLY,particular,1
candidate,HUCKABEE,fifth,2
moderator,KELLY,admit,1
candidate,WALKER,relationship,1
candidate,BUSH,illegally,1
candidate,RUBIO,going,1
candidate,WALKER,time,1
candidate,BUSH,purple,1
candidate,CRUZ,problem,1
moderator,BAIER,accept,1
candidate,HUCKABEE,change,1
candidate,TRUMP,probably,1
moderator,WALLACE,question,4
moderator,KELLY,alan,1
candidate,CHRISTIE,homeland,1
candidate,TRUMP,built,1
moderator,WALLACE,support,2
candidate,WALKER,acknowledged,1
candidate,TRUMP,generally,1
moderator,KELLY,rape,1
candidate,BUSH,eight,1
candidate,BUSH,much,2
candidate,CRUZ,required,1
candidate,CRUZ,legislation,2
candidate,HUCKABEE,like,1
moderator,WALLACE,staked,1
candidate,BUSH,based,1
candidate,HUCKABEE,long,1
candidate,TRUMP,fortune,2
moderator,BAIER,cavaliers,1
candidate,CARSON,we're,1
candidate,TRUMP,leading,1
moderator,WALLACE,sanctuary,1
candidate,BUSH,cities,1
moderator,BAIER,lebron,1
moderator,WALLACE,obviously,1
moderator,WALLACE,coming,1
moderator,KELLY,save,1
candidate,WALKER,need,6
moderator,KELLY,alex,1
candidate,KASICH,architects,1
moderator,WALLACE,governor,11
moderator,KELLY,nsa's,1
candidate,RUBIO,clear,1
candidate,TRUMP,o'donnell,1
candidate,CARSON,that's,1
moderator,KELLY,switch,1
moderator,WALLACE,strong,1
candidate,TRUMP,border,5
moderator,KELLY,without,1
moderator,WALLACE,called,2
candidate,CHRISTIE,go,1
candidate,BUSH,really,2
candidate,RUBIO,better,3
candidate,CHRISTIE,attorney,1
candidate,CRUZ,poverty,1
moderator,KELLY,mind,1
moderator,WALLACE,presidency,1
moderator,WALLACE,democrats,1
candidate,CHRISTIE,families,1
moderator,KELLY,terrorist,2
candidate,CRUZ,people,2
moderator,KELLY,commander,1
candidate,CARSON,alright,1
moderator,WALLACE,ohio,1
candidate,HUCKABEE,something,1
moderator,WALLACE,sent,1
candidate,KASICH,fed,1
candidate,BUSH,effect,1
candidate,KASICH,nerve,3
candidate,CHRISTIE,seen,1
candidate,CRUZ,radical,3
candidate,TRUMP,energy,1
candidate,CRUZ,keep,1
candidate,TRUMP,political,1
candidate,BUSH,take,2
candidate,CHRISTIE,terrorists,2
candidate,CRUZ,honor,1
candidate,KASICH,secondly,2
moderator,WALLACE,address,1
candidate,BUSH,stop,1
candidate,RUBIO,don't,1
candidate,CHRISTIE,within,1
candidate,WALKER,law,1
moderator,WALLACE,toxic,1
candidate,CRUZ,reference,1
candidate,KASICH,built,1
candidate,CARSON,doesn't,2
candidate,CHRISTIE,hugs,3
candidate,CHRISTIE,politics,1
moderator,BAIER,role,1
candidate,PAUL,big,2
candidate,PAUL,right,1
candidate,CHRISTIE,i'll,3
moderator,BAIER,independent,2
moderator,WALLACE,first,1
moderator,WALLACE,field,1
candidate,BUSH,subject,1
candidate,PAUL,i've,3
candidate,CRUZ,terrorism,2
candidate,WALKER,forward,1
moderator,BAIER,cleveland,1
candidate,PAUL,indiscriminately,1
candidate,TRUMP,based,1
candidate,CRUZ,gave,1
candidate,BUSH,dying,1
moderator,KELLY,world,1
candidate,CRUZ,stage,1
moderator,KELLY,learn,1
candidate,WALKER,what's,1
candidate,PAUL,going,1
candidate,BUSH,pick,1
candidate,CRUZ,one,2
moderator,WALLACE,independents,1
moderator,WALLACE,cliffhanger,1
candidate,CHRISTIE,become,1
candidate,CRUZ,interests,1
candidate,HUCKABEE,chris,1
candidate,CRUZ,wage,2
candidate,CARSON,politically,2
moderator,WALLACE,made,1
moderator,BAIER,let's,1
candidate,TRUMP,one,3
moderator,BAIER,you've,2
candidate,KASICH,rooms,1
moderator,KELLY,governors,1
candidate,CARSON,issue,1
moderator,BAIER,dr,2
candidate,PAUL,disgrace,1
moderator,BAIER,experience,1
candidate,CHRISTIE,two,1
moderator,KELLY,tonight,6
candidate,CHRISTIE,filed,1
moderator,BAIER,ranked,1
candidate,TRUMP,bidder,1
moderator,KELLY,partner,1
moderator,BAIER,watch,1
moderator,BAIER,people,1
candidate,TRUMP,nice,1
candidate,TRUMP,across,1
candidate,BUSH,exists,1
candidate,CARSON,lot,2
candidate,RUBIO,united,2
moderator,BAIER,reaction,1
moderator,WALLACE,extraordinarily,1
moderator,WALLACE,liar,1
candidate,WALKER,year,2
candidate,RUBIO,comes,1
candidate,TRUMP,good,1
candidate,CARSON,business,1
candidate,RUBIO,raised,1
candidate,RUBIO,doesn't,1
candidate,PAUL,adams,1
candidate,CARSON,broadcasting,1
candidate,CARSON,well,3
moderator,KELLY,additional,1
candidate,CARSON,necessarily,1
moderator,KELLY,sound,1
candidate,WALKER,america,4
moderator,KELLY,called,2
moderator,BAIER,nancy,1
candidate,PAUL,look,2
moderator,KELLY,cruz,1
candidate,TRUMP,happened,1
candidate,KASICH,lessons,1
candidate,HUCKABEE,invoke,1
moderator,KELLY,say,4
candidate,BUSH,qaida,1
moderator,BAIER,hand,3
candidate,BUSH,could,1
candidate,BUSH,comes,1
candidate,KASICH,right,1
candidate,CARSON,value,1
moderator,KELLY,arena,1
candidate,BUSH,mirrored,1
candidate,PAUL,lot,1
moderator,WALLACE,give,2
moderator,WALLACE,hot,1
candidate,WALKER,particularly,1
candidate,CHRISTIE,changed,1
moderator,BAIER,candidate,2
moderator,WALLACE,grow,1
moderator,BAIER,dynastic,1
moderator,KELLY,greenspan,1
candidate,CHRISTIE,prosecuted,1
moderator,WALLACE,fox,2
candidate,CHRISTIE,respecting,1
candidate,TRUMP,politically,1
moderator,KELLY,round,1
candidate,CHRISTIE,service,1
candidate,CARSON,thank,1
candidate,CHRISTIE,taxes,3
candidate,PAUL,use,2
candidate,BUSH,barrier,1
candidate,WALKER,who's,1
candidate,CRUZ,american,2
candidate,CARSON,military,1
candidate,RUBIO,single,1
candidate,CHRISTIE,private,2
candidate,TRUMP,sending,1
candidate,HUCKABEE,scientific,1
moderator,KELLY,weaker,1
candidate,TRUMP,rid,1
candidate,CRUZ,amnesty,5
candidate,PAUL,decade,1
moderator,BAIER,five,1
moderator,KELLY,stand,1
moderator,WALLACE,remarks,1
moderator,WALLACE,you're,4
candidate,KASICH,eighty,1
candidate,TRUMP,independent,1
candidate,RUBIO,that's,1
moderator,WALLACE,don't,3
candidate,BUSH,federal,1
moderator,KELLY,back,1
candidate,BUSH,find,1
candidate,CHRISTIE,civil,1
candidate,TRUMP,pouring,1
candidate,PAUL,less,1
candidate,TRUMP,last,1
moderator,BAIER,insisted,1
moderator,WALLACE,partnering,1
moderator,WALLACE,announced,1
moderator,KELLY,republican,1
candidate,CHRISTIE,yes,1
candidate,PAUL,humvees,1
moderator,BAIER,aren't,1
moderator,KELLY,domestically,1
candidate,HUCKABEE,ignore,1
candidate,PAUL,used,1
candidate,TRUMP,weren't,1
moderator,BAIER,blue,1
candidate,RUBIO,addressed,1
candidate,PAUL,say,1
moderator,KELLY,executive,1
moderator,KELLY,look,1
candidate,TRUMP,leaders,2
candidate,CHRISTIE,income,1
moderator,WALLACE,share,2
candidate,CHRISTIE,should've,1
moderator,WALLACE,like,4
candidate,RUBIO,loans,1
candidate,CHRISTIE,fact,3
moderator,WALLACE,bettencourt,1
candidate,TRUMP,first,1
moderator,WALLACE,florida,1
moderator,BAIER,health,2
candidate,TRUMP,don't,7
candidate,CHRISTIE,patriot,1
moderator,KELLY,like,2
moderator,BAIER,anyone,1
moderator,WALLACE,kind,1
moderator,WALLACE,life,1
candidate,TRUMP,time,5
moderator,BAIER,years,2
moderator,BAIER,different,1
candidate,CHRISTIE,foreign,1
candidate,CHRISTIE,president,2
moderator,KELLY,estimates,1
candidate,HUCKABEE,bolder,1
moderator,KELLY,expand,2
moderator,BAIER,christie,1
candidate,PAUL,that's,1
candidate,CHRISTIE,thousand,1
candidate,QUESTION,influence,1
candidate,PAUL,billion,1
candidate,CHRISTIE,place,1
moderator,BAIER,answers,1
moderator,BAIER,tonight's,1
candidate,CRUZ,threatening,1
candidate,KASICH,god-given,1
candidate,CRUZ,jihad,2
candidate,CHRISTIE,things,1
candidate,KASICH,going,2
moderator,KELLY,part,2
moderator,WALLACE,great,1
candidate,CHRISTIE,got,1
moderator,BAIER,canadian-style,1
moderator,KELLY,things,1
candidate,RUBIO,tell,1
candidate,PAUL,standing,1
candidate,RUBIO,first,1
moderator,BAIER,included,1
moderator,KELLY,going,2
candidate,CRUZ,utter,1
candidate,CARSON,uh,1
candidate,RUBIO,cannot,1
moderator,KELLY,chance,1
moderator,KELLY,fear,1
candidate,KASICH,four,1
candidate,PAUL,bet,1
candidate,TRUMP,lot,3
candidate,TRUMP,happening,2
moderator,WALLACE,reaction,1
candidate,KASICH,learn,1
candidate,WALKER,met,1
candidate,CHRISTIE,ever,1
moderator,KELLY,liberated,1
candidate,PAUL,end,1
candidate,PAUL,goodness,1
candidate,BUSH,wedge,1
candidate,CRUZ,conditions,1
candidate,HUCKABEE,individual,1
moderator,WALLACE,quick,1
candidate,BUSH,megyn,1
moderator,BAIER,conservatives,1
candidate,WALKER,actually,3
candidate,PAUL,america,1
candidate,TRUMP,legally,1
moderator,KELLY,ruthless,1
candidate,KASICH,saying,1
moderator,KELLY,elect,1
moderator,KELLY,knees,1
candidate,QUESTION,candidates,1
candidate,BUSH,fact,1
candidate,BUSH,family,1
candidate,HUCKABEE,continue,1
candidate,KASICH,sure,1
candidate,WALKER,today,1
moderator,BAIER,pledge,5
candidate,PAUL,searches,1
moderator,BAIER,give,2
candidate,CRUZ,we've,1
moderator,WALLACE,plan,2
candidate,CHRISTIE,increases,2
candidate,KASICH,come,1
moderator,WALLACE,videos,1
moderator,KELLY,go,2
candidate,WALKER,country,2
moderator,KELLY,problem,2
candidate,KASICH,ohio,2
candidate,CRUZ,really,1
candidate,CARSON,large,1
moderator,KELLY,budget,1
moderator,WALLACE,colleague,1
moderator,WALLACE,merit,1
moderator,KELLY,policy,1
candidate,BUSH,president,3
candidate,RUBIO,el,2
moderator,KELLY,picture,1
candidate,RUBIO,begin,1
candidate,RUBIO,waiting,1
moderator,KELLY,charge,1
candidate,CARSON,people,2
candidate,KASICH,black,1
candidate,CHRISTIE,theoretical,1
candidate,TRUMP,care,3
candidate,BUSH,year,1
candidate,BUSH,earn,1
candidate,RUBIO,radically,1
candidate,PAUL,rides,1
candidate,CARSON,figure,1
candidate,CARSON,able,2
candidate,TRUMP,thousands,2
moderator,KELLY,voters,2
moderator,KELLY,hide,1
candidate,TRUMP,yes,2
candidate,CRUZ,ago,1
candidate,CARSON,take,1
moderator,KELLY,gonna,2
candidate,TRUMP,artificial,2
candidate,KASICH,done,1
moderator,WALLACE,crowd,1
candidate,TRUMP,subject,1
moderator,BAIER,much,1
candidate,CARSON,we've,1
moderator,WALLACE,months,1
moderator,KELLY,electability,1
candidate,TRUMP,war,1
candidate,RUBIO,straight,1
moderator,WALLACE,even,1
candidate,HUCKABEE,that's,3
candidate,KASICH,take,1
candidate,CHRISTIE,right,1
candidate,WALKER,asked,1
moderator,WALLACE,executive,1
candidate,CRUZ,reason,1
moderator,WALLACE,get,1
candidate,CRUZ,americans,1
candidate,CHRISTIE,know,8
candidate,TRUMP,quickness,1
candidate,CARSON,looking,1
moderator,BAIER,next,1
candidate,WALKER,unborn,2
candidate,HUCKABEE,mother's,1
moderator,BAIER,florida,1
candidate,KASICH,lead,1
candidate,HUCKABEE,court,1
candidate,CARSON,remember,1
candidate,RUBIO,e-verify,1
moderator,WALLACE,responsibility,1
candidate,BUSH,void,2
candidate,RUBIO,gone,1
moderator,WALLACE,isis,1
candidate,HUCKABEE,changer,1
candidate,CRUZ,filed,1
moderator,KELLY,addition,1
candidate,CARSON,fact,1
moderator,BAIER,candidates,4
moderator,KELLY,favor,1
moderator,KELLY,law,1
moderator,KELLY,there's,1
moderator,BAIER,highest,1
moderator,BAIER,states,1
candidate,CARSON,hands,1
candidate,CRUZ,destroy,1
candidate,WALKER,international,1
candidate,TRUMP,tonight,1
candidate,KASICH,chris,2
candidate,TRUMP,tell,1
moderator,KELLY,rosie,1
candidate,BUSH,tool,1
moderator,KELLY,paul's,1
candidate,CRUZ,stupid,1
candidate,CARSON,advanced,1
moderator,KELLY,co-moderators,1
candidate,CHRISTIE,fees,2
candidate,HUCKABEE,inside,1
candidate,TRUMP,course,1
moderator,KELLY,former,2
candidate,TRUMP,negotiating,1
candidate,TRUMP,trouble,1
candidate,TRUMP,mexican,1
moderator,WALLACE,tonight's,1
candidate,KASICH,ill,1
candidate,CRUZ,that's,1
candidate,TRUMP,door,1
moderator,BAIER,certainly,1
candidate,TRUMP,quite,1
candidate,KASICH,instead,1
candidate,TRUMP,bit,1
moderator,BAIER,past,1
moderator,BAIER,see,2
candidate,RUBIO,student,1
candidate,CRUZ,young,1
moderator,KELLY,worry,1
candidate,RUBIO,evidence,1
candidate,PAUL,u,1
candidate,TRUMP,payer,1
moderator,BAIER,find,1
candidate,CRUZ,solution,1
moderator,KELLY,paul,1
candidate,PAUL,bets,1
candidate,CHRISTIE,net,1
moderator,KELLY,baier,1
candidate,BUSH,turn,1
moderator,KELLY,businessman,1
candidate,RUBIO,political,1
candidate,CRUZ,get,5
moderator,WALLACE,said,5
candidate,CHRISTIE,way,2
candidate,CHRISTIE,governor,7
candidate,RUBIO,sustained,1
moderator,KELLY,dr,2
candidate,PAUL,amidst,1
candidate,CHRISTIE,i'm,1
candidate,RUBIO,frustrated,1
candidate,WALKER,hillary,1
moderator,BAIER,true,1
candidate,HUCKABEE,evidence,1
moderator,KELLY,politician's,1
candidate,RUBIO,able,1
candidate,TRUMP,it's,3
candidate,CHRISTIE,percent,2
candidate,KASICH,reagan,1
moderator,BAIER,likely,1
candidate,RUBIO,never,1
candidate,CARSON,different,1
candidate,KASICH,feet,2
candidate,CRUZ,leaders,2
candidate,BUSH,know,2
moderator,WALLACE,feel,1
candidate,BUSH,sustained,1
moderator,KELLY,wanted,1
moderator,WALLACE,jersey,1
candidate,CHRISTIE,eight,6
candidate,TRUMP,correctness,1
moderator,KELLY,plenty,1
moderator,WALLACE,smart,1
candidate,PAUL,buying,1
candidate,PAUL,bill,3
candidate,BUSH,reserves,2
candidate,BUSH,governed,1
candidate,CHRISTIE,think,1
candidate,PAUL,fund,1
candidate,WALKER,working,1
moderator,KELLY,struggled,1
moderator,BAIER,previous,1
candidate,CARSON,convention,1
candidate,HUCKABEE,buick,1
candidate,CARSON,became,1
candidate,PAUL,independence,1
candidate,CHRISTIE,since,1
moderator,WALLACE,notice,1
moderator,BAIER,better,1
candidate,RUBIO,can't,1
candidate,HUCKABEE,personhood,1
candidate,CHRISTIE,fewer,1
candidate,WALKER,focus,1
moderator,KELLY,already,2
candidate,TRUMP,employees,1
candidate,TRUMP,exactly,1
candidate,WALKER,unlike,1
moderator,BAIER,heard,2
candidate,CHRISTIE,paul,2
moderator,KELLY,talk,2
candidate,KASICH,working,2
moderator,BAIER,could,1
candidate,KASICH,you're,1
candidate,CARSON,mission,1
moderator,WALLACE,continue,2
candidate,BUSH,got,1
candidate,CHRISTIE,like,1
candidate,HUCKABEE,idea,1
candidate,TRUMP,back,1
candidate,TRUMP,either,1
moderator,WALLACE,you've,2
candidate,HUCKABEE,amendments,1
moderator,BAIER,care,2
candidate,PAUL,war,1
moderator,WALLACE,deported,1
candidate,TRUMP,chris,1
moderator,BAIER,dunk,1
candidate,BUSH,means,1
moderator,WALLACE,site,1
candidate,PAUL,rights,3
moderator,BAIER,statement,2
candidate,KASICH,times,1
candidate,CHRISTIE,hundred,1
moderator,KELLY,nato,1
moderator,KELLY,cases,1
candidate,BUSH,tragic,1
moderator,WALLACE,next,2
candidate,RUBIO,facing,2
candidate,CHRISTIE,happened,2
candidate,BUSH,well,1
moderator,KELLY,abortion,3
moderator,KELLY,loans,1
moderator,KELLY,account,3
candidate,CRUZ,special,1
candidate,CRUZ,introduce,1
candidate,HUCKABEE,difficult,1
candidate,BUSH,size,1
candidate,CARSON,wouldn't,1
moderator,KELLY,mother,2
moderator,WALLACE,rubio,2
moderator,KELLY,election,2
candidate,BUSH,vain,2
candidate,KASICH,medicaid,2
moderator,BAIER,valuable,1
moderator,KELLY,apprentice,1
moderator,WALLACE,candidates,4
candidate,BUSH,bar's,1
moderator,KELLY,governor,11
moderator,BAIER,employee,1
candidate,CRUZ,lobbyists,1
moderator,KELLY,joint,1
candidate,RUBIO,guatemala,1
candidate,WALKER,protection,1
candidate,CHRISTIE,business,1
candidate,TRUMP,didn't,1
moderator,BAIER,right,2
candidate,KASICH,drugs,1
moderator,BAIER,early,1
moderator,KELLY,downsides,1
candidate,BUSH,it's,2
moderator,BAIER,foreclosure,1
moderator,KELLY,arrive,1
moderator,BAIER,we're,4
moderator,BAIER,also,3
candidate,CARSON,learn,1
candidate,CARSON,flooded,2
moderator,KELLY,neurosurgeon,1
candidate,CARSON,explore,1
candidate,CRUZ,chairman,1
candidate,HUCKABEE,bold,1
moderator,BAIER,second,1
moderator,KELLY,night,1
candidate,TRUMP,total,2
candidate,WALKER,iran,1
candidate,WALKER,criminal,1
moderator,BAIER,national,1
moderator,KELLY,celebrity,1
moderator,BAIER,expect,2
candidate,RUBIO,it's,3
moderator,BAIER,seconds,1
candidate,CHRISTIE,senator,4
candidate,BUSH,years,2
candidate,CHRISTIE,world,1
moderator,KELLY,see,3
candidate,HUCKABEE,they're,1
moderator,BAIER,across,1
candidate,HUCKABEE,parenthood,1
moderator,WALLACE,issue,2
candidate,BUSH,i'm,4
candidate,KASICH,country,3
moderator,BAIER,won't,1
moderator,BAIER,follow-ups,1
candidate,RUBIO,competition,2
moderator,WALLACE,asking,2
moderator,WALLACE,elected,1
moderator,BAIER,rnc,1
candidate,PAUL,time,1
moderator,KELLY,polls,1
candidate,CRUZ,republican,2
moderator,BAIER,nomination,1
candidate,RUBIO,making,1
moderator,BAIER,exactly,1
candidate,TRUMP,reporters,1
candidate,CRUZ,speak,1
moderator,WALLACE,red,1
moderator,KELLY,saying,2
moderator,KELLY,quicken,1
moderator,BAIER,quote,3
candidate,CHRISTIE,seven,1
candidate,RUBIO,contribution,1
candidate,CHRISTIE,jailed,1
candidate,CRUZ,forfeits,1
candidate,BUSH,man,1
candidate,CRUZ,legally,1
candidate,RUBIO,living,1
candidate,RUBIO,government,1
candidate,CHRISTIE,gone,2
candidate,TRUMP,fact,1
candidate,BUSH,two,1
candidate,TRUMP,speaking,1
candidate,CRUZ,militarily,1
candidate,PAUL,revolution,1
candidate,CHRISTIE,put,1
candidate,BUSH,lesson,1
candidate,BUSH,dad,1
candidate,BUSH,sanctuary,1
moderator,KELLY,populations,1
candidate,CHRISTIE,speeches,1
candidate,KASICH,we've,2
moderator,WALLACE,passing,1
candidate,WALKER,probably,1
candidate,TRUMP,pledge,3
candidate,BUSH,knowing,1
candidate,RUBIO,taken,2
candidate,PAUL,i'd,1
moderator,WALLACE,show,1
candidate,CRUZ,unwilling,1
moderator,KELLY,phone,2
moderator,WALLACE,i'll,2
candidate,WALKER,start,1
moderator,KELLY,invaded,1
moderator,BAIER,ted,1
candidate,HUCKABEE,rights,1
moderator,KELLY,ready,1
candidate,RUBIO,builds,1
candidate,QUESTION,would,1
candidate,PAUL,arming,2
moderator,KELLY,iraqis,1
moderator,WALLACE,past,2
candidate,TRUMP,going,2
moderator,KELLY,filter,1
moderator,BAIER,growth,1
moderator,KELLY,war,3
moderator,WALLACE,mother,1
moderator,BAIER,unwilling,1
candidate,KASICH,job,1
candidate,BUSH,pay,1
moderator,WALLACE,country,3
candidate,TRUMP,around,2
candidate,WALKER,terms,1
moderator,KELLY,generally,1
moderator,KELLY,small,1
candidate,RUBIO,salvador,1
moderator,KELLY,destroy,2
candidate,KASICH,loss,1
candidate,BUSH,million,1
moderator,KELLY,positioned,1
candidate,WALKER,saudis,1
moderator,KELLY,center,1
moderator,KELLY,treasury,1
candidate,HUCKABEE,time,2
candidate,TRUMP,ones,1
candidate,RUBIO,believe,1
candidate,WALKER,doctrine,1
moderator,BAIER,foreign,1
moderator,BAIER,coming,1
candidate,KASICH,sit,1
candidate,RUBIO,governor,1
candidate,PAUL,leading,1
moderator,KELLY,request,1
candidate,CHRISTIE,tell,3
moderator,KELLY,cut,1
candidate,CRUZ,bed,1
moderator,WALLACE,answer,1
candidate,HUCKABEE,people,1
moderator,KELLY,issue,1
moderator,KELLY,wisconsin,2
moderator,WALLACE,candidacy,1
moderator,BAIER,tout,1
moderator,KELLY,government,4
candidate,RUBIO,come,2
candidate,PAUL,problem,3
moderator,WALLACE,agrees,1
candidate,PAUL,go,1
candidate,BUSH,veto,1
candidate,BUSH,great,1
candidate,CRUZ,republicans,1
moderator,KELLY,christie,2
candidate,KASICH,donald,3
candidate,WALKER,organizations,1
candidate,BUSH,rose,1
candidate,CRUZ,authored,1
candidate,BUSH,ridiculous,1
moderator,KELLY,people's,1
candidate,BUSH,caliphate,1
moderator,WALLACE,senator,6
candidate,TRUMP,strongly,1
moderator,WALLACE,talking,1
candidate,BUSH,strategic,1
moderator,KELLY,huckabee,1
moderator,WALLACE,talk,4
moderator,WALLACE,easier,1
moderator,BAIER,surprisingly,1
candidate,CARSON,extremely,1
moderator,KELLY,die,1
candidate,CARSON,probably,1
candidate,PAUL,said,1
candidate,TRUMP,china,1
moderator,KELLY,bring,1
moderator,BAIER,person,1
candidate,CARSON,get,3
moderator,BAIER,hours,1
moderator,BAIER,concern,1
moderator,WALLACE,contain,1
candidate,CHRISTIE,gave,1
candidate,CARSON,areas,1
candidate,CHRISTIE,look,1
moderator,WALLACE,week,1
candidate,CARSON,want,1
candidate,CRUZ,breakfast,1
moderator,WALLACE,win,1
moderator,BAIER,selected,1
candidate,RUBIO,understands,1
moderator,WALLACE,base,1
moderator,BAIER,mentioned,1
candidate,BUSH,following,1
candidate,WALKER,leading,2
candidate,CHRISTIE,blocks,1
moderator,BAIER,call,1
candidate,QUESTION,growing,1
moderator,WALLACE,doug,1
candidate,BUSH,enforcement,1
candidate,RUBIO,maybe,1
candidate,TRUMP,since,1
moderator,WALLACE,proof,1
candidate,CRUZ,inquisitions,1
candidate,CHRISTIE,center,2
candidate,PAUL,get,2
moderator,WALLACE,mr,2
candidate,CRUZ,nonsense,1
moderator,WALLACE,take,1
candidate,CARSON,tremendous,1
candidate,CARSON,sure,1
candidate,CRUZ,billion,1
moderator,KELLY,foreign,1
candidate,KASICH,touching,1
candidate,HUCKABEE,baby,1
candidate,RUBIO,state,1
candidate,TRUMP,plenty,1
candidate,CHRISTIE,putting,2
candidate,BUSH,status,2
candidate,CRUZ,senate,6
candidate,BUSH,higher,1
candidate,CHRISTIE,bad,1
candidate,KASICH,tonight,1
candidate,TRUMP,although,1
candidate,BUSH,extended,1
moderator,KELLY,would,5
candidate,BUSH,states,1
candidate,KASICH,took,1
moderator,KELLY,debate,2
moderator,KELLY,thought,1
candidate,TRUMP,strength,1
candidate,BUSH,want,1
candidate,CHRISTIE,office,2
candidate,KASICH,since,1
candidate,KASICH,solutions,3
candidate,PAUL,shouldn't,1
moderator,BAIER,republican,5
candidate,QUESTION,isil,1
candidate,TRUMP,jersey,1
moderator,BAIER,us,1
moderator,WALLACE,want,3
candidate,CHRISTIE,day,3
candidate,PAUL,sign,1
candidate,CARSON,don't,2
candidate,BUSH,brother,1
candidate,CRUZ,commander,2
candidate,WALKER,videos,1
candidate,CRUZ,tell,1
candidate,QUESTION,u,1
moderator,KELLY,days,3
candidate,TRUMP,they're,2
candidate,CHRISTIE,i've,1
moderator,WALLACE,law,3
candidate,BUSH,issue,1
candidate,TRUMP,announcement,1
candidate,WALKER,look,3
candidate,TRUMP,vision,1
candidate,PAUL,maybe,2
candidate,CRUZ,laws,1
moderator,KELLY,folks,1
moderator,KELLY,bit,1
moderator,KELLY,american,1
candidate,HUCKABEE,next,1
moderator,KELLY,every,1
candidate,CARSON,number,1
candidate,HUCKABEE,disagree,1
candidate,CHRISTIE,times,2
candidate,RUBIO,needs,1
candidate,CHRISTIE,people,5
moderator,KELLY,opposition,1
moderator,WALLACE,growth,1
moderator,WALLACE,several,1
moderator,KELLY,states,2
candidate,CRUZ,eight,1
moderator,BAIER,country,3
candidate,KASICH,cut,1
moderator,KELLY,program,1
candidate,CARSON,personal,1
moderator,WALLACE,mexican,5
candidate,CHRISTIE,one-third,1
candidate,PAUL,continue,1
candidate,WALKER,disengagement,1
moderator,BAIER,party's,1
candidate,TRUMP,bid,1
candidate,CRUZ,president,5
candidate,CRUZ,tried,1
moderator,BAIER,donated,1
moderator,KELLY,consistently,1
candidate,RUBIO,debates,1
moderator,WALLACE,tonight,1
candidate,CHRISTIE,five,2
candidate,BUSH,conservative,2
moderator,KELLY,thriving,1
candidate,BUSH,priority,1
candidate,BUSH,strategy,1
candidate,TRUMP,brain,1
candidate,CARSON,tie,1
moderator,WALLACE,legally,1
candidate,BUSH,there's,1
candidate,WALKER,people,3
moderator,BAIER,you'll,1
candidate,WALKER,it's,1
moderator,WALLACE,commitment,1
candidate,WALKER,want,1
candidate,BUSH,hands,1
candidate,KASICH,really,1
candidate,CHRISTIE,lives,2
candidate,CRUZ,state,1
candidate,WALKER,officials,1
candidate,TRUMP,think,2
moderator,BAIER,disaster,1
moderator,KELLY,taxpayers,1
moderator,KELLY,love,1
moderator,BAIER,trump,5
moderator,WALLACE,blending,1
moderator,BAIER,seven,1
candidate,RUBIO,ago,1
moderator,BAIER,pension,1
candidate,BUSH,mistake,1
candidate,RUBIO,border,1
moderator,BAIER,darling,1
candidate,TRUMP,even,2
moderator,WALLACE,earned,1
candidate,KASICH,want,4
moderator,KELLY,shows,1
moderator,KELLY,parties,1
moderator,KELLY,clinton,1
moderator,WALLACE,sir,1
candidate,BUSH,believe,1
candidate,WALKER,years,1
candidate,HUCKABEE,violation,1
moderator,BAIER,run,2
candidate,BUSH,time,1
moderator,WALLACE,rapists,1
moderator,BAIER,recently,2
moderator,WALLACE,shouldn't,1
moderator,KELLY,recently,1
candidate,CARSON,experience,1
candidate,PAUL,already,3
candidate,PAUL,governor,2
candidate,TRUMP,take,3
moderator,WALLACE,female,1
moderator,KELLY,israel,1
candidate,CHRISTIE,proud,1
candidate,CRUZ,isis,3
moderator,BAIER,based,1
candidate,CHRISTIE,give,1
candidate,CHRISTIE,listen,1
candidate,HUCKABEE,conception,1
candidate,KASICH,sicker,1
moderator,BAIER,life,1
moderator,BAIER,public,1
moderator,BAIER,home,1
moderator,KELLY,women's,1
moderator,WALLACE,sex,1
moderator,KELLY,reserve,1
candidate,KASICH,state,1
candidate,WALKER,proven,1
candidate,RUBIO,class,1
moderator,KELLY,nice,1
candidate,RUBIO,well,2
candidate,KASICH,federal,1
candidate,KASICH,got,1
moderator,WALLACE,let,1
moderator,WALLACE,allegedly,1
candidate,BUSH,gonna,2
moderator,KELLY,mother's,1
moderator,KELLY,baltic,1
candidate,CARSON,generals,1
candidate,RUBIO,great,1
candidate,CRUZ,question,1
moderator,WALLACE,debate,4
moderator,BAIER,male,1
candidate,HUCKABEE,talking,1
candidate,CRUZ,course,1
candidate,TRUMP,you're,2
candidate,TRUMP,killings,1
moderator,KELLY,vulnerable,1
candidate,BUSH,security,2
moderator,BAIER,everything,1
candidate,CHRISTIE,intelligence,1
candidate,QUESTION,stop,1
candidate,HUCKABEE,supreme,2
moderator,WALLACE,status,1
candidate,KASICH,reformer,1
candidate,WALKER,aside,1
candidate,WALKER,believe,2
candidate,CHRISTIE,zero,2
candidate,TRUMP,money,3
candidate,TRUMP,respect,1
candidate,PAUL,arguing,1
candidate,HUCKABEE,unborn,1
candidate,WALKER,long,1
moderator,BAIER,democratic,1
candidate,PAUL,every,1
moderator,WALLACE,steps,1
moderator,BAIER,going,1
candidate,CRUZ,conservatives,1
candidate,CRUZ,would,2
candidate,CRUZ,middle,1
candidate,CHRISTIE,growth,1
moderator,WALLACE,reform,1
candidate,CRUZ,expatriate,1
moderator,KELLY,legitimate,1
candidate,CRUZ,called,1
candidate,CHRISTIE,state,5
candidate,CARSON,mindset,1
candidate,WALKER,said,4
moderator,WALLACE,comprehensive,1
candidate,WALKER,americans,1
candidate,PAUL,doesn't,1
candidate,TRUMP,different,2
candidate,WALKER,got,2
moderator,BAIER,lines,1
candidate,PAUL,independent,1
moderator,BAIER,needs,2
candidate,WALKER,penetrating,1
candidate,CRUZ,week,1
candidate,CHRISTIE,raise,1
moderator,BAIER,prime-time,1
moderator,WALLACE,use,1
moderator,WALLACE,simple,1
candidate,WALKER,line,1
moderator,BAIER,uniquely,1
candidate,RUBIO,feel,2
moderator,KELLY,several,2
candidate,PAUL,want,2
candidate,CRUZ,men,1
candidate,RUBIO,hired,1
candidate,HUCKABEE,policy,1
moderator,BAIER,crisis,1
candidate,CHRISTIE,programs,1
candidate,WALKER,world,1
moderator,KELLY,arkansas,1
moderator,KELLY,obama,1
candidate,CRUZ,obama,2
candidate,CHRISTIE,you're,3
moderator,KELLY,start,1
candidate,WALKER,i'm,1
candidate,CARSON,great,1
moderator,WALLACE,bush,4
moderator,WALLACE,millions,1
candidate,TRUMP,dishonest,1
candidate,CHRISTIE,unlike,1
candidate,BUSH,iran,1
moderator,BAIER,host,1
moderator,WALLACE,citizenship,2
candidate,CRUZ,across,1
moderator,KELLY,beyond,1
candidate,BUSH,whole,1
candidate,CHRISTIE,that's,2
candidate,BUSH,jobs,1
moderator,WALLACE,senate,1
candidate,CRUZ,speaks,1
moderator,BAIER,event,1
moderator,BAIER,obamacare,3
candidate,TRUMP,sure,1
candidate,TRUMP,republican,2
candidate,TRUMP,patrol,2
candidate,KASICH,don't,1
candidate,WALKER,secure,2
moderator,BAIER,use,1
moderator,WALLACE,million,2
candidate,CARSON,responsibility,1
candidate,BUSH,absolutely,1
candidate,BUSH,need,8
candidate,TRUMP,sorry,1
candidate,PAUL,he's,4
moderator,WALLACE,thought,1
moderator,BAIER,one,9
moderator,WALLACE,including,2
candidate,CHRISTIE,tools,1
candidate,TRUMP,politics,1
moderator,BAIER,business-related,1
candidate,CHRISTIE,back,1
moderator,KELLY,brett,1
moderator,BAIER,downgrades,1
candidate,CHRISTIE,investigated,1
candidate,CARSON,course,1
candidate,RUBIO,know,1
moderator,KELLY,peter,2
moderator,WALLACE,unidentified,3
moderator,WALLACE,banning,2
candidate,KASICH,paying,1
candidate,CRUZ,law,3
candidate,HUCKABEE,ought,1
moderator,KELLY,answering,2
candidate,CHRISTIE,it's,2
moderator,WALLACE,walker,3
candidate,HUCKABEE,schedule,1
candidate,KASICH,year,1
candidate,RUBIO,we're,3
candidate,KASICH,resources,1
moderator,BAIER,politics,1
candidate,TRUMP,united,1
moderator,BAIER,line,1
candidate,HUCKABEE,notion,1
candidate,CRUZ,stupidity,1
moderator,KELLY,you've,4
candidate,RUBIO,middle,1
moderator,BAIER,country's,1
moderator,BAIER,marco,1
candidate,RUBIO,retailer,1
moderator,BAIER,donations,1
candidate,RUBIO,election,4
candidate,CRUZ,gosh,1
moderator,KELLY,move,1
candidate,RUBIO,third,1
moderator,BAIER,liberal,2
candidate,BUSH,lose,1
candidate,KASICH,rehabbing,1
candidate,TRUMP,week,1
candidate,WALKER,leaders,2
moderator,KELLY,really,3
moderator,KELLY,defended,1
candidate,CRUZ,chuck,1
moderator,BAIER,went,1
moderator,KELLY,looks,1
candidate,HUCKABEE,reason,1
candidate,PAUL,news,2
moderator,WALLACE,news,2
moderator,WALLACE,president,1
candidate,KASICH,everybody,2
moderator,KELLY,disparaging,1
candidate,CRUZ,truth,3
moderator,WALLACE,enforcement,1
candidate,TRUMP,thank,1
moderator,BAIER,gonna,2
moderator,KELLY,finally,1
moderator,WALLACE,figure,1
candidate,BUSH,gone,1
candidate,PAUL,warrant,3
moderator,BAIER,facebook,1
candidate,CARSON,left,1
candidate,CHRISTIE,morning,1
candidate,CHRISTIE,what's,1
candidate,CRUZ,fight,1
candidate,PAUL,around,1
moderator,WALLACE,making,1
moderator,WALLACE,male,2
moderator,BAIER,hold,2
candidate,TRUMP,say,7
moderator,BAIER,another,3
moderator,WALLACE,polls,2
moderator,KELLY,gain,1
moderator,KELLY,remember,1
candidate,TRUMP,honest,1
moderator,KELLY,interrogation,1
candidate,KASICH,end,2
moderator,WALLACE,government,6
candidate,KASICH,different,1
candidate,HUCKABEE,lot,1
moderator,WALLACE,stand,2
candidate,CRUZ,it's,4
candidate,TRUMP,much,3
moderator,KELLY,may,1
candidate,CARSON,i'm,1
candidate,CARSON,carry,1
moderator,KELLY,let,1
candidate,TRUMP,immigration,1
candidate,WALKER,immigration,2
moderator,WALLACE,well,1
moderator,BAIER,face,1
candidate,KASICH,treat,2
candidate,CRUZ,gang,1
candidate,RUBIO,saying,1
candidate,RUBIO,agree,1
candidate,WALKER,think,2
moderator,BAIER,library,1
candidate,CHRISTIE,sure,2
moderator,WALLACE,ended,1
candidate,CRUZ,elections,1
moderator,WALLACE,think,1
moderator,KELLY,isis,4
candidate,KASICH,poor,1
moderator,KELLY,name,1
candidate,RUBIO,jobs,1
moderator,KELLY,walker,3
candidate,TRUMP,destabilize,1
candidate,KASICH,rate,1
candidate,PAUL,what's,2
moderator,KELLY,ask,1
candidate,CRUZ,face,1
moderator,WALLACE,relationship,1
candidate,PAUL,examine,1
candidate,CHRISTIE,level,2
candidate,TRUMP,anybody's,1
moderator,WALLACE,soft,1
moderator,KELLY,florida,1
moderator,KELLY,gotta,1
candidate,WALKER,mother,1
moderator,BAIER,away,2
candidate,WALKER,ones,2
candidate,CHRISTIE,able,1
candidate,BUSH,things,1
candidate,BUSH,provide,1
candidate,KASICH,went,1
candidate,TRUMP,july,1
candidate,TRUMP,need,8
moderator,BAIER,less,1
candidate,BUSH,state,3
candidate,KASICH,ten,1
candidate,KASICH,mistake,1
candidate,KASICH,knows,1
candidate,KASICH,rather,1
candidate,CARSON,comes,1
candidate,PAUL,without,1
candidate,CHRISTIE,u,1
moderator,WALLACE,key,1
moderator,BAIER,cruz,1
candidate,BUSH,control,1
moderator,BAIER,average,1
moderator,KELLY,we've,1
candidate,CARSON,brain,1
moderator,WALLACE,respectfully,1
moderator,KELLY,don't,5
candidate,CRUZ,radicalization,1
candidate,PAUL,stand,1
candidate,CARSON,track,1
moderator,BAIER,move,1
candidate,CRUZ,joint,1
moderator,BAIER,year,1
candidate,BUSH,record,1
candidate,CRUZ,there's,1
candidate,CRUZ,acted,1
candidate,KASICH,mentally,1
candidate,TRUMP,beautiful,1
candidate,BUSH,path,1
moderator,KELLY,man,1
candidate,BUSH,high,1
candidate,CRUZ,words,1
candidate,TRUMP,incredibly,1
candidate,CRUZ,believe,1
candidate,PAUL,allies,2
candidate,BUSH,created,2
candidate,CHRISTIE,campaign,1
moderator,KELLY,incest,1
moderator,WALLACE,persuade,1
candidate,KASICH,community,1
candidate,HUCKABEE,person,1
moderator,WALLACE,response,1
candidate,WALKER,don't,1
candidate,WALKER,across,1
candidate,TRUMP,great,1
moderator,BAIER,undergone,1
candidate,CRUZ,fundamentally,2
candidate,KASICH,could,2
candidate,HUCKABEE,taken,1
moderator,WALLACE,focusing,1
candidate,WALKER,alternatives,1
candidate,CHRISTIE,federal,1
moderator,BAIER,raise,2
candidate,CARSON,would,1
candidate,CHRISTIE,use,1
candidate,CRUZ,prayer,1
candidate,BUSH,full,1
candidate,TRUMP,understand,3
moderator,KELLY,would've,1
candidate,PAUL,wanted,1
candidate,KASICH,megyn,1
candidate,PAUL,ahead,1
candidate,BUSH,next,1
candidate,TRUMP,trade,1
candidate,RUBIO,they're,2
candidate,CHRISTIE,country,2
moderator,KELLY,sir,1
candidate,CARSON,gotten,1
moderator,WALLACE,felony,1
moderator,BAIER,hell,1
candidate,CHRISTIE,years,8
candidate,CHRISTIE,tax,2
candidate,CHRISTIE,money,1
candidate,QUESTION,question,1
candidate,HUCKABEE,issue,1
moderator,WALLACE,years,3
candidate,RUBIO,majority,2
candidate,RUBIO,immigrate,1
candidate,TRUMP,except,1
candidate,WALKER,november,1
candidate,PAUL,terrorism,1
candidate,TRUMP,making,2
candidate,PAUL,innocent,1
moderator,WALLACE,christie,1
candidate,PAUL,funding,1
candidate,WALKER,based,1
candidate,TRUMP,oftentimes,1
candidate,HUCKABEE,process,2
moderator,KELLY,use,2
moderator,WALLACE,we're,4
moderator,KELLY,facebook,3
moderator,BAIER,let,1
moderator,KELLY,coalition,1
candidate,RUBIO,talked,1
candidate,CRUZ,states,1
moderator,KELLY,answer,3
candidate,RUBIO,enough,1
candidate,TRUMP,make,2
candidate,RUBIO,i'm,3
candidate,CHRISTIE,brought,2
candidate,RUBIO,store,1
candidate,BUSH,rating,1
moderator,BAIER,real,1
candidate,PAUL,clintons,1
candidate,BUSH,economic,1
moderator,KELLY,temperament,1
candidate,WALKER,last,1
moderator,BAIER,supported,1
candidate,CRUZ,terrorists,1
candidate,WALKER,radical,1
candidate,BUSH,amnesty,1
moderator,BAIER,opponents,1
candidate,CRUZ,give,1
candidate,CHRISTIE,sector,2
moderator,KELLY,state,1
candidate,HUCKABEE,law,1
candidate,CRUZ,passport,1
candidate,RUBIO,nation,1
candidate,WALKER,system,2
candidate,CARSON,intellect,1
moderator,WALLACE,prepared,1
moderator,KELLY,mr,1
candidate,TRUMP,insurance,1
candidate,CRUZ,contrast,1
candidate,TRUMP,wouldn't,3
candidate,CHRISTIE,megyn,4
moderator,KELLY,critics,1
candidate,KASICH,opportunity,1
candidate,TRUMP,lines,2
moderator,BAIER,single-payer,1
moderator,WALLACE,dealers,1
candidate,PAUL,hillary,1
candidate,RUBIO,let,3
candidate,KASICH,he's,2
candidate,CRUZ,led,1
moderator,BAIER,private,1
candidate,KASICH,mr,1
candidate,WALKER,challenge,1
moderator,BAIER,love,1
candidate,BUSH,iranian,1
candidate,TRUMP,better,1
moderator,KELLY,win,1
candidate,TRUMP,people,5
candidate,RUBIO,tunnel,1
candidate,TRUMP,come,1
candidate,RUBIO,largest,2
candidate,KASICH,brought,1
moderator,WALLACE,note,1
candidate,RUBIO,running,1
moderator,WALLACE,abortions,1
moderator,WALLACE,murder,1
candidate,RUBIO,new,1
candidate,CARSON,need,1
candidate,KASICH,expanded,1
candidate,TRUMP,fun,1
moderator,KELLY,wasn't,1
candidate,RUBIO,record,1
moderator,BAIER,record,1
candidate,CHRISTIE,nothing,2
candidate,CHRISTIE,darn,1
candidate,RUBIO,fees,1
candidate,QUESTION,isis,1
moderator,KELLY,comments,1
moderator,KELLY,end,1
moderator,WALLACE,office,1
moderator,KELLY,many,1
candidate,CHRISTIE,we've,1
candidate,CRUZ,support,2
moderator,WALLACE,ugly,1
moderator,KELLY,i'm,1
candidate,WALKER,gives,1
moderator,BAIER,promise,1
moderator,WALLACE,last,2
moderator,WALLACE,back,1
candidate,CHRISTIE,balance,1
candidate,RUBIO,wondering,1
moderator,WALLACE,would,3
candidate,TRUMP,disaster,1
candidate,BUSH,first,1
moderator,BAIER,come,1
moderator,WALLACE,rand,1
moderator,BAIER,specifically,1
candidate,CRUZ,al-sisi,1
candidate,TRUMP,nobody,1
moderator,KELLY,twitter,3
candidate,HUCKABEE,position,1
candidate,BUSH,win,1
candidate,KASICH,first,3
candidate,BUSH,way,1
candidate,CHRISTIE,make,3
candidate,KASICH,think,1
candidate,CRUZ,east,1
candidate,TRUMP,said,3
moderator,KELLY,knowing,1
candidate,RUBIO,she's,1
moderator,BAIER,rules,2
moderator,WALLACE,topic,1
candidate,RUBIO,coming,3
candidate,BUSH,totaling,1
candidate,PAUL,opposition,1
candidate,TRUMP,way,2
candidate,CHRISTIE,oversee,1
candidate,CRUZ,immigration,1
moderator,WALLACE,agree,1
candidate,CHRISTIE,work,2
candidate,RUBIO,pay,1
moderator,WALLACE,electability,1
candidate,CRUZ,joining,1
candidate,BUSH,separate,1
moderator,BAIER,hear,1
moderator,KELLY,skeptics,1
moderator,WALLACE,steinle,1
moderator,KELLY,carson,2
candidate,CARSON,talked,1
moderator,BAIER,nod,1
moderator,KELLY,public,1
candidate,PAUL,republican,2
moderator,KELLY,answered,1
candidate,PAUL,defeat,1
moderator,WALLACE,say,5
candidate,RUBIO,problem,2
candidate,CHRISTIE,september,3
moderator,BAIER,senator,4
candidate,PAUL,politicians,2
candidate,TRUMP,everybody,2
candidate,BUSH,fine,2
candidate,RUBIO,disruptive,1
candidate,CRUZ,due,1
moderator,BAIER,clinton,2
candidate,HUCKABEE,huge,1
moderator,KELLY,know,1
moderator,BAIER,rating,1
moderator,WALLACE,kentucky,1
candidate,RUBIO,important,2
candidate,TRUMP,came,1
candidate,BUSH,faulty,1
candidate,HUCKABEE,body,1
moderator,KELLY,inexperience,1
candidate,WALKER,many,3
candidate,KASICH,thing,1
candidate,TRUMP,leverage,1
candidate,CRUZ,muslim,1
moderator,BAIER,neurosurgeon,1
candidate,KASICH,families,1
candidate,KASICH,president,1
moderator,WALLACE,subject,1
moderator,KELLY,acts,1
candidate,RUBIO,past,1
candidate,KASICH,jobs,2
candidate,CRUZ,death,1
candidate,CRUZ,come,4
moderator,BAIER,campaign,1
candidate,BUSH,cut,1
moderator,KELLY,ago,1
moderator,KELLY,bulk,1
moderator,BAIER,payer,1
candidate,CHRISTIE,next,1
candidate,RUBIO,address,1
candidate,HUCKABEE,defunding,1
candidate,CARSON,much,1
candidate,PAUL,ways,1
moderator,WALLACE,directly,1
candidate,BUSH,billion,3
candidate,CRUZ,military,1
candidate,WALKER,governors,1
candidate,TRUMP,like,5
candidate,PAUL,single-payer,2
candidate,CRUZ,chris,2
candidate,RUBIO,longer,1
candidate,BUSH,abandoned,1
candidate,CHRISTIE,protecting,3
moderator,KELLY,well,2
moderator,BAIER,deals,1
moderator,KELLY,ideological,2
moderator,WALLACE,amendment,2
candidate,CHRISTIE,risk,1
candidate,CHRISTIE,vetoed,1
candidate,CRUZ,enforce,1
moderator,KELLY,february,1
moderator,WALLACE,right,4
candidate,CRUZ,want,2
candidate,PAUL,misunderstand,1
candidate,RUBIO,fence,2
candidate,CHRISTIE,jersey,2
candidate,WALKER,state,1
moderator,KELLY,chief,1
candidate,RUBIO,world,3
moderator,WALLACE,we've,1
candidate,RUBIO,need,4
candidate,PAUL,think,1
candidate,KASICH,hear,1
moderator,KELLY,speak,2
moderator,WALLACE,suggest,1
candidate,TRUMP,complete,1
moderator,WALLACE,man,1
candidate,WALKER,planned,2
candidate,WALKER,earlier,2
moderator,KELLY,water,1
candidate,KASICH,one,2
moderator,WALLACE,defund,1
candidate,CRUZ,leader,1
moderator,KELLY,wallace,1
candidate,CRUZ,house,1
candidate,RUBIO,clinton's,1
moderator,WALLACE,statement,2
moderator,BAIER,explained,1
candidate,KASICH,outspoken,1
candidate,PAUL,may,2
candidate,RUBIO,mexico,1
candidate,CHRISTIE,records,2
candidate,WALKER,defunded,1
candidate,RUBIO,they've,1
candidate,BUSH,proud,2
candidate,WALKER,consistent,1
candidate,BUSH,book,2
candidate,BUSH,al,1
moderator,BAIER,big,2
moderator,WALLACE,could,2
candidate,CHRISTIE,sitting,1
moderator,WALLACE,viewed,1
moderator,KELLY,united,1
moderator,WALLACE,legislative,1
moderator,WALLACE,i'd,2
candidate,HUCKABEE,children,1
moderator,BAIER,would,2
candidate,CARSON,opportunity,1
moderator,BAIER,voters,1
candidate,KASICH,growing,1
moderator,KELLY,greatest,1
moderator,KELLY,potential,1
candidate,CHRISTIE,internet,1
candidate,TRUMP,stage,3
moderator,BAIER,objection's,1
moderator,KELLY,you're,1
candidate,CHRISTIE,cutting,2
moderator,BAIER,sector,1
candidate,TRUMP,rosie,1
candidate,TRUMP,could,2
candidate,WALKER,fact,1
moderator,WALLACE,anybody's,1
candidate,KASICH,ways,1
candidate,CRUZ,you're,1
candidate,CARSON,commander-in-chief,1
candidate,HUCKABEE,sell,1
moderator,BAIER,brother's,1
moderator,KELLY,topics,1
moderator,KELLY,federal,1
candidate,PAUL,give,1
moderator,KELLY,whether,2
moderator,BAIER,system,2
candidate,BUSH,responsibility,1
moderator,BAIER,state,3
candidate,RUBIO,states,2
moderator,BAIER,gentlemen,2
candidate,PAUL,megyn,1
candidate,PAUL,stop,3
candidate,RUBIO,qualified,1
moderator,WALLACE,topics,1
moderator,WALLACE,across,3
moderator,BAIER,democrats,1
candidate,TRUMP,statement,1
moderator,WALLACE,hear,1
candidate,TRUMP,wall,3
candidate,CHRISTIE,need,1
moderator,WALLACE,social,1
candidate,TRUMP,control,2
candidate,KASICH,problems,1
candidate,CRUZ,made,1
candidate,WALKER,important,1
candidate,KASICH,recidivism,1
moderator,KELLY,saint,2
moderator,BAIER,rubio,1
moderator,BAIER,carson,1
candidate,PAUL,we've,1
candidate,CRUZ,ideological,2
candidate,CRUZ,chief,2
candidate,BUSH,died,1
candidate,CRUZ,got,2
candidate,TRUMP,anymore,1
candidate,CHRISTIE,budget,3
moderator,KELLY,objected,1
candidate,CRUZ,schumer's,1
candidate,RUBIO,president,1
candidate,CRUZ,need,5
candidate,CHRISTIE,applications,1
candidate,KASICH,look,1
moderator,WALLACE,recently,2
moderator,BAIER,policy,1
moderator,KELLY,political,1
candidate,TRUMP,government,1
candidate,KASICH,threatening,1
candidate,WALKER,governor,1
candidate,RUBIO,like,3
candidate,CHRISTIE,hour,1
moderator,KELLY,kasich,1
candidate,WALKER,best,1
candidate,PAUL,supports,1
moderator,BAIER,third,1
candidate,CRUZ,essentially,1
candidate,CHRISTIE,person,1
candidate,TRUMP,every,1
candidate,CHRISTIE,answer,1
moderator,WALLACE,eight,1
moderator,KELLY,general,2
moderator,BAIER,may,1
candidate,KASICH,balanced,1
moderator,WALLACE,home,1
moderator,KELLY,iisis,1
moderator,WALLACE,hadn't,1
candidate,PAUL,president,1
candidate,KASICH,prisons,3
moderator,WALLACE,francisco,1
candidate,CRUZ,dempsey,1
moderator,BAIER,applause,1
candidate,CARSON,early,1
candidate,CRUZ,parties,1
candidate,RUBIO,someone,1
moderator,KELLY,said,4
moderator,WALLACE,sending,3
candidate,CHRISTIE,time,1
candidate,TRUMP,worked,1
candidate,WALKER,going,1
moderator,KELLY,military,1
moderator,KELLY,illegal,1
candidate,PAUL,obama,1
candidate,CRUZ,agree,1
candidate,TRUMP,politicians,4
candidate,KASICH,need,1
candidate,HUCKABEE,game,1
candidate,RUBIO,faced,1
candidate,RUBIO,chapo,1
candidate,TRUMP,heard,1
candidate,CHRISTIE,blowing,1
candidate,WALKER,protected,1
candidate,BUSH,choose,1
candidate,BUSH,comprehensive,1
candidate,RUBIO,next,2
candidate,CARSON,thing,2
candidate,BUSH,corleone,1
candidate,TRUMP,know,4
moderator,WALLACE,brett,2
candidate,BUSH,mullahs,1
candidate,PAUL,hug,2
candidate,BUSH,governments,1
moderator,WALLACE,drug,1
candidate,CHRISTIE,funerals,1
candidate,KASICH,thousand,1
candidate,BUSH,many,1
moderator,KELLY,national,1
moderator,BAIER,wrong,1
candidate,TRUMP,challenged,1
candidate,WALKER,least,1
candidate,RUBIO,paycheck,4
moderator,KELLY,democratic,1
candidate,BUSH,child,1
candidate,BUSH,six,1
candidate,TRUMP,i'd,2
moderator,BAIER,ok,4
candidate,WALKER,seeing,1
candidate,CHRISTIE,jobs,1
moderator,WALLACE,there's,2
moderator,WALLACE,kate,2
candidate,TRUMP,turn,1
candidate,HUCKABEE,due,1
candidate,BUSH,hope,1
moderator,WALLACE,party,1
moderator,KELLY,first,5
candidate,BUSH,border,3
candidate,HUCKABEE,child's,1
candidate,KASICH,rates,1
moderator,KELLY,contestant,1
candidate,CRUZ,citizenship,1
moderator,KELLY,fighting,1
moderator,WALLACE,supported,1
candidate,WALKER,incredibly,1
moderator,KELLY,told,2
candidate,TRUMP,plans,1
candidate,TRUMP,doesn't,1
moderator,KELLY,led,1
candidate,WALKER,emirates,1
candidate,BUSH,praying,1
moderator,KELLY,secretary,1
candidate,TRUMP,without,1
candidate,TRUMP,believe,1
candidate,TRUMP,stupid,3
candidate,BUSH,cared,1
candidate,WALKER,importantly,1
moderator,WALLACE,violating,1
moderator,KELLY,even,2
candidate,TRUMP,works,2
candidate,TRUMP,state,1
candidate,KASICH,say,1
candidate,CARSON,debate,1
moderator,BAIER,new,2
candidate,CHRISTIE,supposed,4
moderator,WALLACE,something,1
candidate,PAUL,respond,2
moderator,KELLY,medicaid,3
candidate,RUBIO,paid,1
candidate,PAUL,stripes,1
candidate,CHRISTIE,raised,2
candidate,CHRISTIE,act,1
moderator,WALLACE,minorities,1
moderator,KELLY,won't,1
candidate,CRUZ,guy,1
candidate,RUBIO,talking,1
candidate,BUSH,net,1
moderator,BAIER,called,1
candidate,WALKER,talked,1
candidate,QUESTION,become,1
candidate,WALKER,allies,1
moderator,BAIER,favors,1
candidate,CARSON,i've,1
candidate,WALKER,enforce,1
candidate,WALKER,pro-life,2
candidate,KASICH,grown,1
candidate,BUSH,budget,2
candidate,BUSH,families,1
candidate,WALKER,america's,1
candidate,WALKER,always,1
moderator,BAIER,bush,2
candidate,CARSON,effectively,1
moderator,KELLY,campaign,2
candidate,WALKER,egypt,1
candidate,CRUZ,cartel,1
moderator,BAIER,we'll,2
moderator,WALLACE,leader,1
candidate,CARSON,going,2
moderator,KELLY,needed,1
candidate,TRUMP,right,1
moderator,KELLY,done,1
candidate,PAUL,mean,1
candidate,KASICH,three,1
candidate,CARSON,tonight,1
candidate,HUCKABEE,president,1
moderator,WALLACE,adequate,1
moderator,BAIER,pelosi,1
candidate,TRUMP,far,1
candidate,RUBIO,advantage,2
candidate,RUBIO,economy,1
candidate,BUSH,even,1
moderator,WALLACE,prison,1
candidate,CHRISTIE,became,4
candidate,PAUL,didn't,1
moderator,WALLACE,favor,2
moderator,BAIER,things,1
candidate,PAUL,dollars,1
candidate,WALKER,also,1
moderator,WALLACE,broke,1
candidate,WALKER,protect,1
candidate,CHRISTIE,wife,1
moderator,KELLY,chalgren,1
moderator,KELLY,following,1
candidate,RUBIO,source,1
moderator,WALLACE,kasich,2
candidate,CHRISTIE,cut,2
moderator,KELLY,millions,1
moderator,KELLY,bush,2
candidate,RUBIO,even,2
candidate,KASICH,military,1
candidate,CRUZ,transforming,1
moderator,BAIER,minute,1
candidate,BUSH,right,1
candidate,CARSON,utilize,1
candidate,TRUMP,send,1
candidate,CARSON,rapidly,1
candidate,TRUMP,destabilized,1
moderator,BAIER,mr,5
candidate,BUSH,law,1
candidate,TRUMP,brought,1
candidate,HUCKABEE,equal,1
candidate,CRUZ,jobs,1
candidate,CHRISTIE,lot,1
moderator,BAIER,ado,1
candidate,TRUMP,problem,1
candidate,CARSON,important,1
candidate,CHRISTIE,stage,1
candidate,HUCKABEE,clearly,1
candidate,CRUZ,well,1
candidate,CRUZ,crusades,1
moderator,KELLY,mistakes,1
candidate,PAUL,got,4
candidate,BUSH,keep,1
candidate,WALKER,elected,1
candidate,TRUMP,frankly,2
candidate,KASICH,immigration,1
candidate,BUSH,wife,1
candidate,BUSH,growth,1
candidate,KASICH,keep,1
moderator,BAIER,street,1
candidate,BUSH,tell,1
candidate,RUBIO,diverse,1
candidate,CHRISTIE,spending,2
candidate,CHRISTIE,deficit,1
candidate,CARSON,war,1
moderator,KELLY,hillary,1
candidate,KASICH,christie,1
candidate,CHRISTIE,went,1
moderator,KELLY,q,1
moderator,WALLACE,family,1
moderator,KELLY,mainstream,1
candidate,RUBIO,future,2
moderator,BAIER,hillary,1
moderator,WALLACE,us,2
candidate,TRUMP,illegals,1
candidate,PAUL,collect,1
moderator,WALLACE,meat,1
moderator,WALLACE,paul,2
candidate,KASICH,hitting,2
candidate,PAUL,ok,1
moderator,KELLY,mistake,1
candidate,BUSH,earned,3
candidate,CRUZ,floor,1
candidate,RUBIO,years,4
candidate,HUCKABEE,instead,1
candidate,HUCKABEE,i've,1
candidate,TRUMP,country,5
candidate,HUCKABEE,clear,1
candidate,HUCKABEE,it's,2
moderator,KELLY,we're,2
moderator,WALLACE,never,1
moderator,KELLY,fat,1
candidate,TRUMP,want,7
candidate,CHRISTIE,say,1
candidate,CARSON,gave,1
candidate,WALKER,persian,1
moderator,KELLY,take,1
candidate,RUBIO,changed,1
candidate,CRUZ,reasons,1
candidate,WALKER,priority,1
moderator,WALLACE,donald,1
moderator,KELLY,questions,4
moderator,WALLACE,mcconnell,1
candidate,CHRISTIE,lost,2
moderator,KELLY,however,1
moderator,KELLY,poor,1
candidate,TRUMP,lose,3
moderator,WALLACE,mandatory,1
candidate,PAUL,voice,1
moderator,KELLY,arab,2
moderator,KELLY,unlike,1
candidate,RUBIO,add,1
moderator,WALLACE,people,4
candidate,BUSH,option,1
candidate,TRUMP,megyn,1
candidate,CRUZ,looking,2
candidate,HUCKABEE,think,2
moderator,WALLACE,declined,1
candidate,WALKER,texas,1
moderator,KELLY,pushing,1
moderator,WALLACE,see,1
candidate,CARSON,stupid,1
candidate,KASICH,point,1
candidate,KASICH,budget,1
candidate,TRUMP,deal,1
candidate,TRUMP,cover,1
candidate,TRUMP,honestly,1
candidate,PAUL,republicans,1
candidate,CHRISTIE,let,1
moderator,KELLY,enhanced,1
candidate,CRUZ,megyn,2
candidate,QUESTION,treacherous,1
moderator,BAIER,talked,1
candidate,CRUZ,vote,2
moderator,KELLY,o'donnell,1
candidate,BUSH,left,4
moderator,WALLACE,border,2
candidate,PAUL,sells,1
candidate,WALKER,clinton,1
candidate,CRUZ,egypt's,1
candidate,CHRISTIE,want,1
candidate,CRUZ,country,3
moderator,WALLACE,refused,1
moderator,BAIER,clear,2
candidate,CRUZ,general,1
candidate,QUESTION,president,1
moderator,WALLACE,respond,1
candidate,CRUZ,america,1
candidate,PAUL,americans,2
moderator,BAIER,crowd,1
moderator,KELLY,u,1
candidate,PAUL,gave,1
candidate,BUSH,called,3
candidate,KASICH,back,1
moderator,WALLACE,effort,1
moderator,KELLY,truly,1
candidate,CRUZ,join,1
candidate,RUBIO,immigration,2
candidate,TRUMP,run,2
candidate,CARSON,say,2
candidate,RUBIO,sorts,1
candidate,QUESTION,actions,1
candidate,CRUZ,use,1
moderator,KELLY,home,1
candidate,BUSH,honor,1
candidate,PAUL,arms,1
candidate,TRUMP,talking,4
moderator,WALLACE,really,1
moderator,BAIER,alright,1
candidate,CHRISTIE,floor,1
moderator,WALLACE,cruz,2
candidate,KASICH,life,1
candidate,PAUL,one,1
moderator,WALLACE,bamboozled,1
candidate,CARSON,forward,1
moderator,BAIER,balance,1
moderator,KELLY,god,1
candidate,BUSH,visa,1
moderator,WALLACE,mind,1
candidate,KASICH,ideas,1
candidate,PAUL,sakes,1
moderator,KELLY,make,2
candidate,BUSH,coming,1
candidate,RUBIO,anybody,1
moderator,KELLY,ohio,1
candidate,CHRISTIE,friends,1
candidate,RUBIO,generosity,1
candidate,BUSH,that's,1
candidate,WALKER,came,1
candidate,CHRISTIE,trust,1
moderator,BAIER,hand-raising,1
candidate,PAUL,amendment,3
candidate,CARSON,things,3
moderator,BAIER,pleasant,1
candidate,CHRISTIE,increased,2
moderator,KELLY,rather,1
candidate,TRUMP,bad,1
candidate,CRUZ,career,1
moderator,BAIER,isis,1
candidate,BUSH,yet,1
candidate,BUSH,come,2
moderator,BAIER,debate,2
candidate,WALKER,i've,5
candidate,KASICH,finally,3
moderator,BAIER,talking,2
candidate,TRUMP,smarter,1
moderator,BAIER,eventual,1
candidate,CRUZ,makes,1
moderator,WALLACE,new,3
candidate,RUBIO,entry-exit,1
candidate,TRUMP,states,1
candidate,BUSH,written,1
candidate,PAUL,talking,1
candidate,CHRISTIE,who's,1
candidate,KASICH,release,1
moderator,BAIER,place,1
candidate,BUSH,govern,1
candidate,HUCKABEE,constitutional,1
candidate,CARSON,nation,1
moderator,KELLY,destroyed,1
moderator,WALLACE,trump,3
moderator,WALLACE,going,3
candidate,BUSH,heart,1
moderator,KELLY,believe,2
candidate,RUBIO,generous,1
candidate,RUBIO,lecture,3
candidate,TRUMP,sharper,1
candidate,PAUL,judge,2
candidate,CRUZ,talked,1
candidate,CRUZ,chiefs,1
candidate,RUBIO,question,1
moderator,KELLY,trump,2
candidate,CRUZ,shows,1
candidate,CHRISTIE,collect,1
candidate,TRUMP,company,1
moderator,WALLACE,illegal,9
candidate,BUSH,invaded,1
candidate,CARSON,america,1
candidate,HUCKABEE,moment,1
candidate,CARSON,demonstrating,1
moderator,WALLACE,released,1
